name,price,date,sales
HP PAVILION X360 15-8130U-8GB-256GB-TOUCH-WIN10-SILVER-Second-AMB2,6465000,2013-01-14,12
HP Pavilion 13 AN0031 i3 8145U 8GB 128GB-SSD INTEL-HD620 WIN-10,7799000,2013-01-17,16
HP Pavilion ENVY 13 AN0031WM - i3 8145U 8GB 128GB ssd W10 13.3 FHD,7799000,2013-02-26,9
HP 14s dk1122AU dk1123AU - AMD Athlon Gold 3150 4GB 512ssd W10+OHS 14HD,6899000,2013-03-14,10
Dell Latitude E5440 |Core i5-Gen 4 |Camera - RAM 4-HDD 500,3300000,2013-04-06,23
Dell Latitude E7440 |Core i5-Gen 4 |Camera - RAM 4-HDD 500,3750000,2013-04-07,17
Dell Latitude E7450 |Core i7-Gen 5 |Camera - RAM 4-HDD 500,5199000,2013-04-08,19
Dell inspiron 3180-A99420-4-500-U-WIN10H-GREY Notebook,3900000,2013-04-09,13
Dell inspiron 3443,4800000,2013-04-10,19
"Dell inspiron Amd A9 memori 4gb,hardis 500gb Kualitas bagus",3750000,2013-04-11,16
Desktop Acer Aspire TC-708 | UX.BC7SD.009,7999000,2013-04-12,18
LENOVO IDEAPAD 3 14IIL INTEL I3 1005G1 8/4GB 512GB SSD INTEL GRAPHICS WIN10HOME + OHS,7820000,2013-05-27,7
LENOVO IDEAPAD 330-15IGM with N4000 4GB RAM and 15.6 inch HD LED,5220201,2013-05-28,12
LENOVO IDEAPAD IP330 # i5-8250 VGA 2GB DVD W10 !!,7672000,2013-06-08,20
"LENOVO IDEAPAD L340-15API AMD R3 3200U/4GB/256 SSD/15.6""HD/DOS GREY",6399000,2013-06-09,38
LENOVO IdeaPad 3 14ADA05,5799000,2013-06-12,22
LENOVO IdeaPad SLIM 3 14IIL PQID I3 1005G1 4GB 512SSD FHD W10+OHS GREY,7777000,2013-06-19,18
LENOVO IdeaPad SLIM 3 AMD ATHLON SILVER 3050U 4GB SSD256GB WINDOWS OHS,6700000,2013-06-20,24
"LENOVO IdeaPad Slim 3 14ADA05 Ryzen 3 3250U 4GB 256GB 14"" Win10 + OHS",7285000,2013-06-21,19
LENOVO IdeaPad Slim 3 14IGL05 CEL N4020 4GB 256GB W10 + OHS,5599000,2013-06-22,23
LENOVO IdeaPad Slim 3 AMD ATHLON SILVER 3050U 4GB SSD256GB WINDOWS OHS,6250000,2013-06-23,24
LENOVO IdeaPad Slim 3i 14IIL05 i3-1005G1 4GB 512GB Win10 + OHS,7699000,2013-06-24,17
LENOVO IdeaPad Slim 3i 14IIL05 i3-1005G1 8GB 512GB Win10 + OHS,7899000,2013-06-25,21
"LENOVO IDEAPAD SLIM 3i -I3 - 1005G1/4GB/512GB SSD/14"" FHD IPS/W10+OHS",7899000,2013-06-26,21
LENOVO IDEAPAD SLIM 3i - 14IGL05,5299000,2013-06-28,17
"LENOVO IDEAPAD SLIM 3 + OHS (AMD 3020e Win10  256GB SSD 14"" HD TN )WIN 10",5475000,2013-06-30,24
"LENOVO IDEAPAD SLIM 3 - INTEL N4020 - 4GB - 256 GB SSD - 14""- WIN10 - OFFICE HOME STUDENT",5699000,2013-07-04,24
LENOVO IDEAPAD SLIM 3 14ADA05 AMD 3020e 4GB 256GB W10+OHS ABYSS BLUE,5499000,2013-07-06,16
"LENOVO IDEAPAD SLIM 3 14ADA05 AMD Ryzen 3-3250U 4GB 256GB 14"" FHD W10+OHS",7499000,2013-07-07,34
"LENOVO IDEAPAD L340-15API AMD R3 3200U/8GB/256SSD/15.6""HD/DOS/DVDRW",6599000,2013-07-08,20
"LENOVO IDEAPAD SLIM 3 14IIL05 i3-1005G1 4GB 256GB 14"" FHD UHD W10 OHS",7349000,2013-07-09,23
LENOVO IDEAPAD SLIM 3-14IGL - INTEL N4020 4GB 256GB/512GB WIN10 + OHS,5355000,2013-07-13,22
LENOVO IDEAPAD SLIM 3 AMD 3020E 4GB 256GB 14INCH WIN10+OHS,5859000,2013-07-16,12
Asus Rog,2800000,2013-09-10,17
Acer Aspire E5 475G Grey i5-7200U/4GB/1TB/940MX-2GB Second,6299000,2013-10-10,20
Acer Aspire E5 475G White i5-7200U/4GB/1TB/940MX-2GB Second,5499000,2013-10-11,17
Acer Aspire V5 132,2000000,2013-10-13,20
Acer Aspire V5-431,1650000,2013-10-14,15
Acer Aspire V5-431-987B250Ma,4000000,2013-10-15,15
Acer Aspire S3 Series Intel Core i3 2th 4gb second,2700000,2013-10-20,25
Acer Swift 1 SF113-31 PENTIUM,4500000,2013-11-08,22
Acer Swift 10 2in1 Netbook and tablet,1875000,2013-11-09,18
Acer Swift 3 Athlon SF314-41-R0V8 [AMD Athlon 300U] [NX.HFDSN.008],7000000,2013-11-13,20
Acer Swift 3 Core i3-7020U Win 10,7570000,2013-11-14,9
Acer Swift 3 Core i3-7020U-Ram 4Gb-HDD 1Tb-Dual VGA NVidia MX150-Full HD-Fullset-Wind Ori,5950000,2013-11-16,13
Asus VivoBook A409JA Intel Core i3-1005G1 RAM 4gb HDD 1tb,6800000,2013-11-26,25
Asus VivoBook A412FA-EK54051T W10 - Silver [5405U-4GB-512GB--W10],6699000,2013-11-27,25
DELL Inspiron 11-3162 Series HDD 500/2GB WIN10 Merah Merona Mulus,2550000,2013-12-19,7
DELL Inspiron 14 3467 (Core i3-7020) 4 GB HDD 1 TB  w10,5700000,2013-12-20,13
"DELL Inspiron 14-3493 [Core i3-1005G1/14""FHD/4GB/256GB SSD/Win10]",6799000,2013-12-21,11
"DELL Inspiron 14-3493 [Core i3-1005G1/14""FHD/4GB/256GB SSD/Win10] - Silver",6799000,2013-12-22,9
DELL Inspiron 3180 AMD A9-9420/4GB/500GB/AMD R5/WIN10SL,4250000,2013-12-24,17
DELL Inspiron 3443 Core i7-5500/8GB/240SSD/840M 2GB ForMultimedia,7899000,2013-12-26,16
DELL Inspiron 3467 - BLACK - Ci3 4GB 1TB Intel HD - Windows 10 SL,6000000,2013-12-27,18
"DELL Inspiron 3476 ( 14"" Inch ) Intel Core i5-8250U/4GB/1TB/DOS",7350000,2013-12-30,5
"DELL Inspiron 3443 Core i7-5500/4GB/500/14""/DVD/840M 2GB ForMultimedia",6999000,2014-01-01,9
"Dell Inspiron 3593 ( Ci3 1005U-4GB-SSD 256GB-UMA-15,6 FHD-W10H )",6749000,2014-01-13,12
Dell Inspiron 3670 MT [Ci3-9100-8-1T-UMA-UBT-E2016HV] DELL OFFICIAL,6899000,2014-01-14,17
Dell Inspiron 3881 MT [Ci3-10100-8-1T-UMA-W10-Dell E2016HV],7399000,2014-01-15,17
Dell Inspiron 11 3180 - AMD A9-9420 - 4GB - 500GB - AMD R5 - Win10,5199000,2014-01-16,15
Dell Inspiron 11 3162 Intel N3060 2GB 500GB 11.6 Inch DOS ,4000000,2014-01-17,18
DISKON BESAR Lenovo Ideapad V130-15IGM RAM 4 SSD 250 HARDISK 500 ABU,5674800,2014-01-25,21
Asus Vivobook TP412FA 2in1 Touch i3 8145 4GB 128ssd W10 14.0FHD,7799000,2014-02-01,13
"Asus Vivobook X441BA GA441T GA442T | AMD A4 9125 RAM 4GB 1TB VGA AMD R3 14"" WIN10",4449000,2014-02-04,9
"Asus Vivobook X441MA-GA031T GA032T | Intel N4020 RAM 4GB 1TB HDD DVD 14"" HD W10",5000000,2014-02-05,21
Asus X441BA - AMD A9-9425 - 4GB RAM - 1TB HDD - Asus Vivobook X441BA,5100000,2014-02-06,17
Asus VivoBook M409MA-BV111T Intel Celeron N4000 RAM 4GB HDD 1TB,5499000,2014-02-15,20
Asus VivoBook Max X441B AMD A4-9125 Radeon R3.RAM 4GB.Hdd 1000gb,4000000,2014-02-16,13
"Asus VivoBook X441BA-GA431/2/3T - AMD A4-9125, 4GB, 1000GB, Win 10",5399000,2014-02-17,11
Asus Vivobook A407UF Core i5 -8250U Coffelake Ram4Gb Hdd1Tb Nvidia Gress Scu4974,6250000,2014-02-19,16
"Asus Vivobook A412FA - Intel Pentium Gold 5405U 4GB 1TB 14""FHD Win10",6099000,2014-02-24,7
"Asus Vivobook A412FA intel Pentium Gold 5405U 4GB 1TB 14"" WIN10",6465000,2014-02-25,14
Asus Vivobook A412FA-EK54011TIPS Pentium Gold 5405U RAM 4GB HDD 1TB,7099000,2014-02-26,17
"Asus Vivobook A412FA-EK54013T Pentium Gold 5405U 1TB 4GB WIN10 14""",6000000,2014-02-27,10
Asus Vivobook A416JA Core i3-1005G1.Ram 4GB.SSD 512GB.Win 10.OHS Backlitkey,7999000,2014-02-28,16
Asus Vivobook E203Nah Celeron Skylake N3350 Ram 4GB HDD 500GB LED 12in,3250000,2014-03-01,20
Asus vivobook A409UJ i3 7020U Ram 4GB SSD 512GB Nvidia MX230 win 10,6550000,2014-03-07,21
Backpack Asus ransel game ROG NOMAD V2 xranger,2080000,2014-03-08,14
DELL INSPIRON 14 (3442) i3 4500U RAM 4GB win10,5100000,2014-03-13,17
DELL INSPIRON 14-3467 4GB/1TB,3400000,2014-03-14,16
DELL INSPIRON 14-3481-7020U-4GB-1TB-R520-WIN10HOME BLACK-Amb2,6770000,2014-03-15,22
DELL INSPIRON 3162 PQC UBUNTU BLUE,3749000,2014-03-16,31
DELL INSPIRON 5458 i3 5005U,6000000,2014-03-20,21
Lenovo Yoga 700-11ISK / M5 (Silver),8000000,2014-04-20,22
Lenovo ThinkPad L460 |Core i5-Gen 6 |Camera - RAM 8 SSD 128,4550000,2014-05-06,19
Lenovo ThinkPad T400  R400 Core 2 Duo,1490000,2014-05-07,21
Lenovo ThinkPad T430 |Core i7-Gen 3 |Camera |VGA Intel - RAM 4-HDD 500,3900000,2014-05-08,15
Lenovo ThinkPad T430 |Core i7-Gen 3 |Camera |VGA NVIDIA (1GB) - RAM 8-SSD 128,4500000,2014-05-09,18
Lenovo ThinkPad T430s |Core i7-Gen 3 |VGA Intel |Camera - RAM 8-HDD 500,4150000,2014-05-10,16
Lenovo ThinkPad T440 |Core i5-Gen 4 |Camera - RAM 4-HDD 500,3550000,2014-05-11,27
Lenovo ThinkPad T450 |Core i5-Gen 5 |Camera - RAM 4-HDD 500,4450000,2014-05-12,16
Lenovo ThinkPad T450s |Core i5-Gen 5 - RAM 4-SSD 128,4800000,2014-05-13,22
Lenovo ThinkPad T460s -Core i7-Gen6 - RAM 8 GB DDR4 -SSD 256 GB (NVme) - RAM 8-SSD 256,7050000,2014-05-14,21
Lenovo ThinkPad T540p -Core i5 -Gen 4 - RAm 4-HDD 500,3400000,2014-05-15,22
Lenovo ThinkPad T540p |Core i5-Gen 4 |VGA NVIDIA GeForce GT 730M (1 GB - RAM 8-SSD 128,4600000,2014-05-16,23
Lenovo ThinkPad T460 |Core i5-Gen 6 |Camera - RAM 8-HDD 500,5400000,2014-05-22,25
MB Asus ROG Strix B350f Gaming B350 F Gaming,2268000,2014-06-12,22
Lenovo Yoga Win 10,7999000,2014-06-22,37
Lenovo ideapad 110 # iNTEL 4GB Win10 !!,3825000,2014-06-24,24
Lenovo ideapad 330 14Ast ( A9 942 Dos 4GB 1TB),5299000,2014-06-25,21
Lenovo ideapad 3i 14IGL05 N4020 4GB/256GB SSD/W10 OHS Red/Grey,4999000,2014-06-26,18
Lenovo Ideapad V130 N4000 Ram4GB HDD 1TB 14inc Second,3500000,2014-07-11,25
Lenovo Ideapad V14ADA ETID AMD 3020 4GB 256SSD GREY,5353000,2014-07-12,22
"Lenovo Ideapad Slim 3-14ADA05|Athlon 3050|4GB|512GB|14"" FHD|Win10+OHS",6899000,2014-07-29,19
Lenovo Ideapad Slim 3-DRID/ DSID Prosesor AMD 3020e +SSD 256GB+4GB+OHS,5650000,2014-07-30,25
Lenovo Ideapad Slim 3i 14 INTEL N4020 RAM 4GB 256ssd W10+OHS 14.0 MURA,5399000,2014-07-31,23
Lenovo Ideapad Slim 3i 14 N4020 4GB 512ssd W10+OHS 14.0 HD,5499000,2014-08-01,12
"Lenovo Ideapad Slim 3i 14IGL N4020 4GB 256ssd W10 OHS 14"" -0MID",5499000,2014-08-02,23
Lenovo Ideapad Slim 3i 14IGL N4020 4GB 256ssd W10+OHS 14.0 RED -0MID,5499000,2014-08-03,27
Lenovo Ideapad Slim 3i 14IIL i3 1005G1 4GB 512ssd 14.0FHD W10+OHS ORI,7899000,2014-08-05,19
Lenovo Ideapad Slim 3i 14IIL i3 1005G1 4GB 512ssd W10+OHS 14.0FHD,7499000,2014-08-06,25
Lenovo Ideapad Slim 3i 15 i3 1005G1 4GB 512ssd MX330 2GB W10+OHS 15.6F,7999000,2014-08-09,27
Lenovo Ideapad Slim 3i 14IIL i3 1005G1 4GB 512ssd MX330 2GB W10+OHS,7999000,2014-08-13,11
Notebook Asus Vivobook E203Mah Windows 10 Original,4699900,2014-09-30,15
Notebook DELL INSPIRON 3481 i3-7020 - 4GB - 1TB - Intel HD 620 - W10H,7395000,2014-10-01,12
Notebook Dell Inspiron,7200000,2014-10-02,15
Notebook Lenovo Ideapad Slim 3-DRID/DQID,5500000,2014-10-03,24
Notebook Lenovo Thinkpad Yoga 260 Core i5 6200u Ram 16gb SSD FHD IPS,6900000,2014-10-04,27
Notebook Lenovo Yoga 300 Ram 4gb HDD 500gb Celeron,2100000,2014-10-05,33
"OBRAL LENOVO THINKPAD YOGA 11E TOUCHSCREEN CEL N2930 8GB SSD 120GB LAYAR 11,6"" BISA DI LIPAT WIND 10",2403030,2014-10-06,9
Notebook Asus ViVoBook E203MAH Intel Celeron N4000 | RAM 2GB | HDD 500GB | Windows 10,4450000,2014-10-08,25
asus zenbook um431da-am501t warna biru,7000000,2014-10-09,18
core i5/ 8gb ram/ SSD /ultrabook YOGA Lenovo ThinkPad / bukan macbook,5149000,2014-10-10,19
"dell Inspiron 3280,A9-9420,4/500gb,AMD5R,11.6"",win10",5000000,2014-10-11,28
hp envy 15 core i7,4300000,2014-10-13,6
lenovo ideapad 110-14ibr 1tb 4gb win10,4050000,2014-10-14,20
notebook acer aspire one AOD270 N2600,1500000,2014-10-17,18
notebook lenovo ideapad,7050000,2014-10-18,22
vivobook asus e203mah fd013t notebook petal pink,4900000,2014-10-19,13
asus rog delta,2200000,2014-10-21,19
SALE Dell Inspiron 3476 Core i3-7020|4GB|1TB|VGA 2GB|WIN 10/RESMI,6929650,2014-10-25,21
Toshiba R732,2599000,2014-10-28,12
"acer aspire es1-431 N3050 RAM 4GB HDD 500GB
",3950000,2014-10-31,20
Notebook Acer Aspire One White Second,1599000,2014-11-03,16
Notebook Acer Aspire Series Windows 10,4660000,2014-12-13,16
NOTEBOOK ACER ASPIRE V5-131 SECOND / NOTEBOOK ACER BEKAS,1900000,2014-12-16,11
Netbook Acer Aspire ES1-131-C7YE Red Second,2199000,2014-12-17,15
Netbook Acer Aspire One 756 11 inch Hitam,1565000,2014-12-18,10
NoteBook ACER ASPIRE A311-31-N4000-4GB-500GB-Windows 10 BLACK,3435000,2014-12-19,11
Notebook Acer Aspire ES 11 4GB/500GB Black second,2799000,2014-12-20,19
Motherboard Acer Aspire E5-471G Intel Core i7 VGA Nvidia DA0ZQ0MB6E0,2820000,2014-12-21,18
Motherboard Acer Aspire E1-470G Core i5 VGA NVIDIA,1690000,2014-12-22,8
MSI PRESTIGE X570 CREATION - AM4,7997000,2014-12-29,9
Lenovo Ideapad Slim 3 AMD Ryzen 3250U|8GB|256 SSD|14FHD|WIN10 +OFFICE,7500000,2015-01-10,17
LENOVO THINKPAD X1 YOGA I7 6500U TOUCH 8GB RAM 256GB SSD,7500000,2015-01-20,12
"LENOVO Ideapad Slim 3 14ADA05 14"" HD/AMD 3020e/4GB/256GB SSD/Win10+OHS",5488000,2015-01-26,12
LENOVO Ideapad Slim 3 i3-1005G1 4GB 512GB-SSD INTEL-UHD WIN10+OHS-2019,7499000,2015-01-27,13
Lenovo IdeaPad V14ADA ETID AMD 3020 4GB 256SSD,5353000,2015-02-26,18
"Lenovo IdeaPad slim 3 14ADA05 OHS (Ryzen 3 3250U Win10 4GB 256GB SSD 14"" FHD AMD)",7899000,2015-02-27,17
Lenovo Ideapad 1 14 AMD A6 4GB 128GB Ati R4 W10 14.0 GRY,4399000,2015-02-28,18
Lenovo Ideapad 3 14IGL05 Intel N4020 4GB 256GB SSD WIN10 OHS 2019,5700000,2015-03-01,18
"Lenovo Ideapad 3 Slim - N4020|4GB|256Gb SSD|W10+OHS|Intel HD|14""",5490000,2015-03-06,17
"Lenovo Ideapad 3-14ADA05|AMD Athlon 3020|4GB|256GB|14"" FHD|Win10+OHS",5699000,2015-03-07,16
Lenovo Ideapad 320-11UID Grey,7770000,2015-03-08,13
"Lenovo IdeaPad Slim 3i-14IIL05 (i3-1005G1/8GB/512GB/14""/W10/office2019",7799000,2015-03-10,23
Lenovo IdeaPad Slim 3 |Intel i3-1005G1 |4GB|512 SSD|W10 Home|OHS 2019,7999000,2015-03-12,24
Lenovo Ideapad 330-14IGM,4000000,2015-03-22,23
Lenovo IdeaPad Slim 3 14ADA DSID AMD 3020E SSD 256GB Win10 OHS,5725000,2015-03-28,12
"Lenovo IdeaPad Slim 3 14ADA05 Athlon 3050U 4GB 256 SSD 14"" FHD W10+OHS",6699000,2015-03-29,25
Lenovo IdeaPad Slim 3 14IIL05 Core i3 1005G1 4GB 512 SSD Win10 + OHS,7599000,2015-03-30,19
Lenovo IdeaPad Slim 3 AMD 3020e 4GB 256GB SSD 14 HD W10 OHS,6000000,2015-03-31,18
"Lenovo Ideapad 330-14ast Intel Celeron N4000, Ramal 4gb HDD 1tb, mulus-second",4100000,2015-04-03,27
Lenovo Ideapad Core i3 - RAM 4GB - 1TB/256GB - S145/V14 - Win10 + Office Original,7310000,2015-04-04,26
"Lenovo Ideapad Slim 3 - Intel Core i3-1005G1|4GB|256GB SSD|14"" FHD",7399000,2015-04-05,20
Lenovo Ideapad Slim 3 14ADA AMD 3020 4GB 256ssd W10+OHS 14.0,5499000,2015-04-06,20
Lenovo Ideapad Slim 3 14ADA AMD 3050 4GB 512GB-SSD WIN10+OHS BLK,6700000,2015-04-07,19
Lenovo Ideapad Slim 3 14ADA Athlon 3050 4GB 256ssd W10+OHS 14.0FHD,6379000,2015-04-08,17
Lenovo Ideapad Slim 3 14ADA Athlon 3050 4GB 512ssd W10+OHS 14.0FHD,6349000,2015-04-09,20
Lenovo Ideapad Slim 3 14ADA DOS | AMD 3020 8GB 256 SSD DOS,5299000,2015-04-10,24
Lenovo Ideapad Slim 3 14ADA | 256ssd | AMD Athlon 3020U 4GB 14HD + OHS,5499000,2015-04-11,17
Lenovo Ideapad Slim 3 15 i3 1005 8GB 256ssd W10 15.6FHD,6999000,2015-04-16,20
Lenovo Ideapad Slim 3 AMD Ryzen 3250U|8GB|256 SSD|14FHD|WIN10 + OHS,7500000,2015-04-17,22
Lenovo Ideapad S145-14AST / AMD A9-9425 Ram 4gb HDD 1tb,4700000,2015-04-20,17
Lenovo Ideapad Denim Blue,6000000,2015-04-21,25
Lenovo Ideapad 330-8MID Core i5 Gen 8 /Radeon 530 Graphics SEKEN MULUS,7050000,2015-04-29,18
Lenovo Ideapad L340 15 Ryzen 5 3500 8GB 256ssd Vega8 15.6FHD W10,7899000,2015-05-05,25
"Lenovo Ideapad S145 - Intel N4205U - 4GB - 256GB SSD -14"" HD - Win10",5999000,2015-05-07,23
"Lenovo IdeaPad Flex 3i Intel Celeron N4020/4GB/256SSD/11.6"" HD/OHS/W10",5967000,2015-05-10,29
Lenovo IdeaPad Flex 3 11IGL05-2DID N4020 4GB SSD 256GB W10,5910000,2015-05-11,24
Lenovo IDEAPAD 330,6089000,2015-05-15,27
Lenovo IdeaPad 110 14AST AMD A9 DDR4 4GB 1TB,2699000,2015-05-17,27
"LENOVO Ideapad 330-5TID 14"" HD/AMD E2-9000/4GB/500GB/WIN10",4950000,2015-05-21,27
Acer Aspire A311-31 Notebook - Red [Intel N4000/ 4GB/500 GB/11Inch W10,4680000,2015-05-22,22
ASUS - TUF GAMING X3 Radeon RX 5600 XT TOP EVO | RX 5600XT 6GB GDDR6,5679000,2015-05-23,24
Acer Aspire 3 A314 Ryzen 3 3250|4GB|256GB SSD|W10+OHS,6700000,2015-05-24,27
"Acer Aspire 3 Slim A314-22 AMD RYZEN 3-3250U 4GB 256GB 14"" FHD W10 OHS",6799000,2015-05-27,22
Acer Aspire 3 Slim A314-22 Ryzen 3-3250U 8GB/4GB 256 SSD W10 OHS,6999000,2015-06-03,23
Acer Aspire 3 Slim A314-22-R6JU -A3050U-4GB-512GBSSD-W10+OHS-RESMI,5999000,2015-06-07,22
ASUS VIVOBOOK A412UA/A412FA Intel Pentium Gold 5405U RAM4GB SSD/HDD FHD 14 Windows 10 ORIGINAL,6599000,2015-06-16,17
ACER ASPIRE A314 AMD Ryzen 3-3250 8gb 256GB 14inch FHD Win10+ohs,7450000,2015-06-19,20
ACER ASPIRE A314 AMD Ryzen 3-3250 4gb 256GB 14inch FHD Win10+ohs,7150000,2015-06-20,30
ACER ASPIRE A314,3950000,2015-06-23,27
Acer Aspire 3 Slim A314-22 AMD A3020e 4GB 256 SSD Radeon Graphics W10,5725000,2015-06-25,21
"Acer Aspire 3 Slim A314-22 AMD Athlon 3050U 4GB 256GB 14"" FHD W10 OHS",5949000,2015-06-29,26
Acer Aspire 3 A314 | Ryzen 3 3250 8GB 256ssd 14FHD R8JF R6FB,6899000,2015-06-30,23
ASUS VIVOBOOK E410MA INTEL N4020 RAM4GB SSD512GB 14FHD IPS WINDOWS 10+OFFICE ORIGINAL,6199000,2015-07-01,21
"ACER ASPIRE 5 A514-53K-3852 I3-1005G1/4GB/512GB+32GB/W10+OHS/14""FHD",7499000,2015-07-02,26
"ACER ASPIRE 5 A514-53G-37JP INTEL i3-1005G1 4GB 1TB MX350 2GB 14"" HD",7999000,2015-07-03,30
Acer Aspire 3 A314 Ryzen 5 3500 4GB 256ssd Vega8 W10PRE 14.0,7650000,2015-07-04,40
"ACER ASPIRE 5 A514-53 I3-1005G1/4GB/SSD 512GB + OPTANE/14""/WIN10/0HS",7325000,2015-07-06,20
"ASUS VIVOBOOK E203MAH - N4000/RAM 4GB./ HDD 500GB. 11.6""/ W10",5000000,2015-07-07,24
"ACER ASPIRE 5 A514 53 i3-1005G1/8GB/SSD512GB/14""FHD/WIN10-Magic Purple",7958000,2015-07-11,30
ASUS VIVOBOOK A412U/A412FA INTEL PENTIUM GOLD 5405U RAM4GB SSD512/HDD1TB 14 FHD WINDOWS 10,6449000,2015-07-12,19
Acer Aspire 3 A314 N4120 Quadcore 4GB 1TB W10 14inc,5099000,2015-07-16,41
"ASUS VIVOBOOK A412FA-EK54051T Intel 5405U 4GB 512GB SSD 14"" FHD",6500000,2015-07-21,29
Acer Aspire 5 A514 53 3852 Core i3 1005G1 SSD 512GB W10 OHS Full HD,7750000,2015-07-22,27
Acer Aspire 3 A314 # intel N4000|4GB|1TB|14 SLiM !!,3999000,2015-07-28,27
ASUS VIVOBOOK A412FA PENTIUM GOLD 5405U 4GB HDD1TB 14FHS IPS WINDOWS,6499000,2015-07-31,29
ASUS VIVOBOOK A412FA PENTIUM GOLD 5405 4GB 512GB-SSD 14-INCH-FHD,6599000,2015-08-01,28
ACER ASPIRE 5 A514 52K 34UP I3 8130U 4GB 1TB HD W10+OHS 19,6363000,2015-08-09,33
Acer Aspire 3 A314 Ryzen 3 3250 4GB 1TB Vega3 W10 (PRE) 14.0,6299000,2015-08-10,14
Acer Aspire 4736Z versi DDR3,1750000,2015-08-12,24
Acer Aspire 5 (A514-53) Magical Color,7699000,2015-08-17,14
"Acer Aspire 3 Slim A314-22 - AMD A3020e 4GB SSD 256GB 14"" HD W10 OHS",5375000,2015-08-19,24
"ASUS VIVOBOOK A412FA-EK54051T|Intel 5405U/4GB/512GB SSD/14"" FHD",7075000,2015-08-27,23
ASUS VIVOBOOK A412FA-EK54051T-EK54054T Pentium Gold 5405U SSD 512GB,6600000,2015-08-28,25
ASUS VIVOBOOK A412FA Intel Pentium GOLD N5405U RAM8GB HDD1TB+SSD256GB 14FHD WINDOWS 10 ORI,7449000,2015-08-31,20
ACER Aspire C22-865 (Core i3-8130U) Silver,6999000,2015-09-10,25
ASUS Vivobook Ultra A412FA Pentium Gold 5405U 4GB 512ssd W10 14FHD -EK54051T/EK54052T/EK54053T,6599000,2015-09-13,28
ASUS Vivobook X441BA-GA441T AMD Dual Core A4-9125 RAM 4GB HDD 1TB,5499000,2015-09-14,22
"ASUS VIVOBOOK X505ZA-BR301T AMD R3/2200U/RAM 4GB/HDD 1TB/15.6""/WIN 10",6250000,2015-09-15,21
ACER Aspire A314 22 R4L8 AMD Ryzen 3 3250U 4GB 256GB HDD 1TB SSD Vega3 14.0 HD WIN10 OHS 2019,7450000,2015-09-16,23
"ACER Aspire Switch 10- INTEL ATOM Z3735F -2GB-64GB SSD-10""",1960000,2015-09-22,20
ASUS Vivobook Flip TP401MA-BZ201T x360 N4000 4GB 256ssd 14.0 Touch,6999000,2015-09-23,22
ASUS Vivobook A416JA BV311TS i3 1005G1 4G 1TB Win 10 + Office RESMI!!,7350000,2015-09-27,32
ASUS Vivobook A412FA EK54051T intel 5405U/4GB DDR4/512GB SSD|Win10,7075000,2015-10-02,12
ASUS VivoBook S13 S330FA # i3-8145U 4GB SSD256GB SUPER SLiM !!,6967000,2015-10-07,19
ASUS VivoBook Pentium Gold A412FA-EK54011T Intel N5405U 4GB 1TB 14 Inch FHD A412FA-EK54012T EK54013T,5879000,2015-10-08,21
ACER ASPIRE S3 INTEL CORE I7 GEN3,4500000,2015-10-23,28
ACER ASPIRE ONE 11.6 INCI N23G/2GB/500GB SCOND,1750000,2015-10-24,24
Acer Aspire 3 A314-22 Athlon Silver A3050 + FHD + SSD 256GB + Office,5555000,2015-10-25,33
ACER ASPIRE A514 INTEL CORE i3 1005G1 RAM4GB SSD512GB INTEL UHD GRAPHIC WINDOWS 10,7449000,2015-10-31,30
ACER ASPIRE A314-22 AMD ATHLON A3050U,5850000,2015-11-05,21
"ASUS VIVOBOOK MAX X44UB-I3 7020U 4GB 1TB NVIDIA MX110 2GB 14"" WIN10",6500000,2015-11-17,19
"Acer Aspire 3 Slim A314 Ryzen 3 3250 8GB 256ssd W10 OHS 14"" -22.R2C4",6899000,2015-11-18,30
Acer Aspire 3 Slim A314 Ryzen 3 3250 RAM4GB/512GB SSD Vega3 OHS 14 BLK,6799000,2015-11-26,19
ACER Aspire 5 A514 53 32H2 i3 1005G1 4GB 512GB WIN10 / Magic Purple,7659000,2015-11-27,33
Acer Aspire 5 A514-53-3852 i3-1005G1|4GB|512GB SSD|Win10+OHS 2019,7499000,2015-12-01,13
ACER SWIFT SF114-33-P86X N5030-4GB-512GB SSD-WIN10 HOME+OHS 2019,7299000,2015-12-03,14
Acer Aspire 5 A514-53-3852 [NX.HZ6SN.002] Magical Color,7349000,2015-12-24,7
ACER ASPIRE 3 A314-22 ATHLON SILVER 3050U 4GB 256 SSD 14 FHD OFFICE,5510000,2015-12-30,15
"Acer Aspire 5 A514-53 i3-1005G1 DDR4 4GB HDD 1TB 14"" INTEL UHD W10 OHS",7299000,2016-01-01,21
"ACER ASPIRE 3 A314-22 (R3-3520U/4GB/256GB SSD/RADEON /14"" FHD/W10+OHS",6499000,2016-01-06,16
ACER ASPIRE 3 A314-21-4816(RED)AMD DUAL CORE A4 9120E 4GB 1TB AMD RADEON R3 WIN10,4600000,2016-01-11,7
ACER ASPIRE 3 A314 22 R6FB AMD R3 3250U 4GB 256GB SSD Win10 + OHS,7000000,2016-01-17,13
ASPIRE 4750 RAM 2GB Hdd 500Gb. 14inc Core i3,1650000,2016-01-31,14
ACER - ASPIRE 5 A514-53-3852 INTEL CORE I3-1005G1 NXHZ6SN002,7499000,2016-02-04,9
ACER ASPIRE 3 (A314-21) AMD A4 (win 10),4000300,2016-02-06,14
ACER ASPIRE 2IN1 R7 372RT I5 6200U 8GB RAM 128GB SSD,5150000,2016-02-10,16
ACER ASPIRE 3 A314 - INTEL CELERON N4000 - 14 INCH - WINDOWS 10,5499000,2016-02-14,23
ACER Swift 3 39WL|Core i3-1005G1|4GB|256 GB SSD|IPS LED FHD,7756564,2016-02-15,8
"ACER ASPIRE 3 A315-41G-R1XP (Linux/AMD Ryzen 5/8GB DDR4/1TB HDD/AMD Radeon 535/15.6""]",6799000,2016-03-08,9
ACER ASPIRE 3 SLIM A314 AMD RYZEN 3250U RAM8GB SSD 256GB AMD RADEON,7399000,2016-03-21,22
ACER ASPIRE 3 SLIM A314 AMD RYZEN 3250U RAM8GB SSD 256GB AMD RADEON WINDOWS 10 + OFFICE ORIGINAL,7199000,2016-03-22,17
"ASUS VIVOBOOK A412FA - INTEL PENTIUM GOLD 5405U -  4GB - 1TB - BACKLIT KB - 14""FHD - WIN10",6499000,2016-03-26,22
"ASUS VIVOBOOK A412FA - INTEL PENTIUM GOLD 5405U - 4GB - 1TB HDD - BACKLIT KB - 14""FHD - WIN10",6499000,2016-03-27,28
Acer Aspire 5 A514-51K-31U6 - Intel i3-7020U - 4GB - 1TB - DVDRW -,7699000,2016-03-28,16
ACER ASPIRE 3 SLIM A314 AMD RYZEN 3 3250 RAM4GB SSD256GB FHD  WINDOWS 10 + OHS ORIGINAL,6999000,2016-03-29,22
"ACER ASPIRE 3 SLIM A314 AMD RYZEN 3 3250 RAM4/8GB SSD512GB 14""HD WINDOWS 10 + OHS ORIGINAL",6949000,2016-04-01,32
ACER ASPIRE 3 SLIM A314 R6JU AMD ATHLON 3050U RAM4GB SSD512GB+HDD1TB 14 FHD WIN10 + OFFICE,6799000,2016-04-02,24
"ACER ASPIRE 3 SLIM A314 AMD ATHLON 3050/4GB/SSD 256GB/14""FHD/WIN10/OHS",6299000,2016-04-03,29
Acer Aspire 5 A514 i3 14 inch 1TB,6500000,2016-04-07,18
ASUS TP401MA BZ221TS VivoBook Flip 14 CEL N4020 4GB 256GB OPI Stylus,6969000,2016-04-09,22
"ASUS VIVOBOOK A412FA - PENTIUM 5405U 4GB 256GB SSD WIN10 14"" FHD",7199000,2016-04-10,36
ACER ASPIRE 3 A315 42 R1RE R3 3200U 4GB 500GB W10,6161000,2016-04-11,18
ASUS VIVOBOOK A412FA INTEL PENTIUM GOLD 5405U RAM8GB SSD512GB FHD Windows 10 ORIGINAL,7099000,2016-04-16,22
"Acer Aspire 5 A514-53 Core i3-1005G1/4GB/1TB/14""HD/WIN10/OHS2019",7949000,2016-04-22,22
Acer Aspire 3 A311-31,4000000,2016-04-24,26
"ASUS VIVOBOOK A407UF Core i5 8250u/RAM 8GB/SSHD 1TB/Nvidia Geforce MX130 2GB GDDR5 14"" HD Bezelles",6900000,2016-04-27,19
ACER ASPIRE 3 A314-32-C52Q/C3X0/C09W Intel N4000 BLACK/BLUE/RED WIN 10,3649000,2016-04-29,30
"Acer Aspire 5 A514 i3 1005G1 4GB 512ssd W10+OHS 14"" - 32H2",7599000,2016-05-01,30
"ACER ASPIRE 3 A314-32 Intel N4120/4GB/256GB SSD/14""HD/WIN10/OHS 2019",5999000,2016-05-02,18
"Acer Aspire 5 A514-53 - i3-1005G1 8GB 512GB + INTEL OPTANE 14"" W10 OHS",7750000,2016-05-04,24
"ACER ASPIRE 3 SLIM A314 RYZEN 3-3250/4GB/SSD 256GB/1TB/14""FHD/W10/OHS",7140000,2016-05-05,17
"Acer Aspire 5 A514-53 - i3-1005G1 4GB 512GB + INTEL OPTANE 14"" W10 OHS",7399000,2016-05-09,18
DELL Inspiron 3576 # i5-8250U VGA 2GB 15FHD !!,7997000,2016-05-11,21
ASUS Vivobook A412UA-EK503T -EK502T-EK503T INTEL 4417U 4GB 512GB WIN,7450000,2016-05-13,26
ASUS Vivobook Intel N4000 500GB,4555000,2016-05-14,30
Lenovo IdeaPad 300A Slim,4000000,2016-05-16,13
Lenovo Ideapad S145-14IKB i3-8130U/UMA/4GB/512GB SSD/W10H/OHS2019,7880000,2016-05-18,33
Dell Inspiron 3670 MT [Ci3-9100-8-1T-UMA-W10-Dell E2016HV] DELL OFFICIAL,7399000,2016-05-21,35
Dell Inspiron 3670 MT [Ci3-9100-8-1T-UMA-W10] + Dell E2016HV,7399000,2016-05-26,17
Lenovo IdeaPad 110-141SK-1CID,5275000,2016-05-29,29
Lenovo Ideapad Slim 3i 14 i3 1005G1 4GB 512ssd W10+OHS 14.0 FHD,7499000,2016-05-31,18
Lenovo Ideapad Slim 3i 14 N4020 4GB 256ssd W10+OHS 14.0FHD,5499000,2016-06-03,38
"DELL INSPIRON 3476 i5-8250U, 4GB, 1TB, DVDRW, INTEL , DOS, 1YR",7200000,2016-06-14,25
"Lenovo Ideapad 3 14ADA05 Ryzen3-3250U/8GB/256GBNVMe/14""FHD/Win10+OHS",7799000,2016-06-17,22
"Lenovo Ideapad 3 14ADA05 Ryzen3-3250U/4GB/256GBNVMe/14""FHD/Win10+OHS",7399000,2016-06-18,27
Lenovo Ideapad 1 14 | AMD A6 4GB 128GB (64+64) Ati Radeon 4 W10 14HD,4399000,2016-06-20,15
Lenovo Ideapad Slim 3 15 |256ssd| i3 1005 8GB W10 15.6FHD,6999000,2016-06-22,25
Lenovo Ideapad Slim 3i 14 i3 1005G1 4GB 512ssd W10+OHS 14.0FHD,7599000,2016-06-23,23
Lenovo Ideapad Slim 3 14 AMD 3020 4GB 256ssd W10+OHS 14.0 BLK,5499000,2016-07-02,32
"Lenovo IdeaPad Flex 3 + OHS (Celeron N4020 Win10 4GB 256GB SSD 11.6"" HD IPS Touch Intel 0NID 2DID)",6399000,2016-07-04,18
Lenovo Ideapad 320 intel Corei3/Ram 4gb/Hdd 1tb/Win10,6500000,2016-07-10,28
Lenovo Ideapad 320,6600000,2016-07-14,22
Lenovo Ideapad Slim 3i 14IGL N4020 4GB storage SSD W10+OHS 14.0,5499000,2016-07-16,34
Lenovo IdeaPad Slim 3 - AMD Athlon 3050U 4GB 256ssd W10+OHS 14 FHD,6599000,2016-07-18,24
Lenovo Ideapad Slim 3i 14IGL N4020 4GB 256ssd W10+OHS 14.0 RED,5499000,2016-07-19,25
"ASUS VIVOBOOK A409FA-BV351T-BV352T I3-8145U-4GB-SSD 512GB-14""-WIN10",7499000,2016-07-27,28
LENOVO Ideapad Slim 3 14IIL05 - i3-1005G1 - WIN10+OHS [81WD00PMID],7759000,2016-07-29,30
"LENOVO Ideapad Slim 3 14ADA05 14"" HD/AMD 3020e/4GB/256GB SSD/Win10+OHS - Hitam",5518000,2016-07-30,38
"LENOVO Ideapad 130-00ID 14"" HD/AMD A4-9125/4GB/500GB/WIN10",4900000,2016-08-02,22
LENOVO IdeaPad Slim 3 14IGL05 81WH000LID CEL N4020 4GB 256GB W10 + OHS,5479000,2016-08-03,28
"LENOVO IdeaPad IP330-14AST [81D50039ID] - platinum grey, black & blue",5000000,2016-08-04,34
"ASUS VIVOBOOK A412FA 14""/FHD/PENTIUM GOLD 5405U/4GB/1TB/INTEL UHD GRAPHICS/WIN10",6699000,2016-08-10,21
Acer Aspire A311-31 - Red (Intel N4000/ 4GB/500 GB/11Inch W10),4750000,2016-08-13,27
LENOVO IDEAPAD 130 ip130 # A4 4GB W10 !!,3443000,2016-08-21,22
LENOVO IDEAPAD SLIM 3-14IIL I3 1005G1 4GB 512GB WIN10 BLACK + OHS,7880000,2016-08-31,17
LENOVO IDEAPAD SLIM 3-14IGL-N4020-4GB-512GB-WIN10HOME Gray-OHS -AMB2,5760000,2016-09-01,18
"LENOVO IDEAPAD SLIM 3 AMD ATHLON-3020/8GB/SSD 256GB/14""/WIN10/OHS 2019",5899000,2016-09-03,31
LENOVO IDEAPAD SLIM 3 14IGL N4020 4GB 512GB WIN10HOME PLAT GREY OHS,5760000,2016-09-05,32
"LENOVO IDEAPAD S130/BLACK/INTEL N4000/INTEL HD/4GB/128SSD/14""/WINDOWS",4849000,2016-09-07,18
ASUS VIVOBOOK SLIM A407UF I3-7020/4GB/SSD 256GB/VGA 2GB MX130/WIN10,6898500,2016-09-13,24
ASUS VIVOBOOK X441BA GA441T / GA442T AMD A4 9125 4 1TB GRSI RESMI,5151000,2016-09-24,26
HP 14s-cf3040TU 14 Inch HD/i3-1005G1/4GB/1TB HDD/UMA/Win10 Home + OHS 2019,7499000,2016-09-25,27
HP 14 fq0022AU fq0023AU - AMD Athlon Gold 3150 8GB 512ssd W10+OHS 14FHD,6899000,2016-09-26,17
Dell Latitude 3410 i3 10110U Gen 10 4GB 1TB Win 10 tag a409ja a409ua 14s s340,6925000,2016-09-30,23
Dell Latitude E5440 |Core i7-Gen 4 |VGA NVIDIA GeForce GT720M (2 GB ) - RAM 8-SSD 128,4800000,2016-10-01,25
Dell latitude E7270 Touchscreen |Core i7-Gen 6 |Camera - RAm 8-SSD 256,6350000,2016-10-06,22
ASUS VIVOBOOK A412FA-EK54011T INTEL PENTIUM GOLD 5405U 4GB/1TB/WIN10,6325000,2016-10-17,20
"ASUS VIVOBOOK E203NAH-FD411T - N3350 - RAM 4GB - HDD 500GB - 11.6"" - W10",4475000,2016-10-25,13
HP Pavilion 13 AN0031 i3 8145 8GB 128ssd W10 13.3FHD,7799000,2016-10-28,18
Acer Aspire 5 A514-53 Core i3-1005G1/4 Gb (upgradeable)/512 Gb SSD/OHS,7299000,2016-11-01,22
Lenovo ThinkPad T440p |Core i5-Gen 4 |Camera - RAM 4-HDD 500,3400000,2016-11-05,29
"Asus Vivobook Flip TP401MA N4000 4GB 256GB 14"" TOUCH WINDOWS 10",7795000,2016-11-09,22
"Acer Aspire 5 A514-52K - I3-8130U 4GB HDD 1TB 14"" INTEL HD W10",6250000,2016-11-12,26
ACER ASPIRE 3 A315-42 AMD RYZEN 3-3200U RAM 8GB HDD,6550000,2016-11-14,17
"Acer Aspire 3 Slim A314-22 - AMD Athlon Silver 3050U|4GB|256GB|14"" FHD",6299000,2016-11-18,21
"ACER ASPIRE 3 A314-21-40WH / 48Y5 A4 9120E 4GB 256SSD 14"" W10",5150000,2016-11-21,14
THINKPAD X1 YOGA I7 6500U 8GB RAM 256GB SSD FHD 2560X1440 IPS TOUCHSCREEN,7550000,2016-11-24,18
ACER ASPIRE 3 A314-22 AMD RYZEN 3 3250U 4GB 256GB 14 FHD WIN 10 OHS 19,6489000,2016-11-29,27
ACER ASPIRE 3 A315-42-R5BH,6645000,2016-11-30,19
RESMI Lenovo Ideapad Slim 3 14ADA AMD 3050 4GB 512GB-SSD WINDOWS10 - Hitam,6405000,2016-12-03,19
ACER ASPIRE 3 A314-22 RYZEN 3 3250U 4GB 256 SSD 14 HD +OHS 2019,6825000,2016-12-04,24
Asus Vivobook Max X441MA-N4000/Ram 4GB/HDD 1000GB/14inch/Win10 Ori,4350000,2016-12-07,17
"Acer Aspire 5 A514-51K-31U6 - i3-7020U - 4GB - 1TB - ODD - 14"" -",6290000,2016-12-09,7
Acer Aspire 3 Slim AMD Athlon Silver 3050U 256GB Nvme 8GB/4GB W10 OHS,5699000,2016-12-11,20
"ACER ASPIRE 3 SLIM A314-22 AMD ATHLON 3050U  256GB 14"" FHD W10 OHS2019",5749000,2016-12-13,23
Asus VivoBook X441NA - Intel Celeron N3350 - 2GB RAM - 500GB HDD - Silver,4100000,2016-12-14,12
"Acer Aspire 3 A314-22 AMD A3020e/4GB/256GB SSD/14""HD/WIN10/OHS2019",5299000,2016-12-15,10
"ACER ASPIRE 3 SLIM A314-22 AMD ATHLON 3050U 8GB 256GB 14"" FHD W10 OHS",6899000,2016-12-16,15
Notebook Lenovo Ideapad Slim 3i-14IIL05 i3-1005G1 / 4GB / 14 Inch,7300000,2016-12-18,22
Notebook Lenovo Ideapad 310S Intel Dual Core N3350/RAM 2GB/HDD 500GB/Windows 10,3850000,2016-12-19,17
Acer Aspire 5 A514 52K /Ci3 7020U 4GB 1TB 14HD W10,5990000,2016-12-24,13
ACER ASPIRE 3 Slim A314-22 AMD ATHLON 3050U 4GB 256GB 14 FHD WIN10 OHS,5689000,2016-12-26,16
"ACER ASPIRE 3 SLIM A314-22 RYZEN 3-3250U 4GB 512GB SSD 14"" WIN10 OHS",6899000,2016-12-27,10
Asus VivoBook A412FA-EK54053T W10 - Blue [5405U-4GB-512GB--W10],6999000,2016-12-28,16
Lenovo Yoga 700-14ISK Ci5 6200U 4GB 128GB SSD,6500000,2017-01-06,24
Lenovo ideapad 500gb,3500000,2017-01-19,16
Lenovo ideapad 320 / core i3 6006 / 4gb / 1000gb / 14inch,6250000,2017-01-24,18
Acer Aspire v5-321,1700000,2017-01-25,14
Acer Aspire 3 Slim A314 Ryzen 3 3250 8GB 256ssd W10+OHS 14.0 FHD BLK,6899000,2017-01-28,16
ACER Aspire 5 Magical Colour I3 4 GB 512SSD 14 FHD Win 10 + OHS 2019,7799000,2017-02-08,20
lenovo yoga book tablet windows android,4500000,2017-02-09,16
lenovo x250,3875000,2017-02-10,16
Acer Aspire 3 A314-33-C8DR,4780000,2017-02-11,18
Acer Aspire E1-421 AMDE1/4GB/320GB W10 Second,1999000,2017-02-12,19
lenovo ideapad slim 3 core i3 1005g1 4GB ssd 256 merah,6800000,2017-02-14,15
Acer Aspire 3 A315 Ryzen 3 3200 8GB 500GB W10 15.6INC BLACK,6499000,2017-02-19,18
Acer Aspire One 722 AO722 Layar 12 Inch Merah Netbook Notebook Bekas Second Red 2GB 320GB ATI Radeon,1600000,2017-02-22,12
Acer Aspire 3 A315-42 Ryzen 3 3200 4GB 1TB Vega 3 W10 R5BH/R0GT,5999000,2017-02-23,26
acer aspire 3-a314 amd ryzen 3-3250u/4gb/256gb/integrated/w10/ohs,6899000,2017-02-28,20
Acer Aspire 3 A314-32-C09W Notebook - [14 Inch/ N4000/ 4GB/ 1TB/Win10],4968000,2017-03-04,13
acer aspire ES 11 ES1-131,2000000,2017-03-05,25
Acer Aspire 3 A314-32-C0HM Celeron N4120|4GB|256 SSD|NO ODD|Win 10,6425000,2017-03-06,11
ACER ASPIRE 3 A314 AMD ATHLON SILVER 3050U/4gb/256gb/w10/ohs,5599000,2017-03-09,16
ACER Aspire 3 A314-22-R5L8 AMD RYZEN 3-3250U/512GB/WIN10+OHS 2019,6699000,2017-03-13,14
ACER ASPIRE C22 760 i3 6100 ALL IN ONE +PAKET OFFICE 2016 ORIGINAL,6500000,2017-03-15,22
ASUS VIVOBOOK FLIP 14 TP401MA INTEL N4020 RAM4GB SSD 256GB 14 TOUCHSCREEN WINDOWS 10+OFFICE ORIGINAL,7499000,2017-03-24,19
"ASUS VivoBook A412FA-EK54011T 14"" FHD Intel N5405U 4GB 1TB HDD",6296000,2017-03-28,13
Acer Aspire 3 A314-41 AMD A9-9420e Ram 4gb/1TB (HDD) /Radeon R5 (VGA),4000000,2017-03-31,13
"ASUS VIVOBOOK A412FA-EK54053T|Intel 5405U/4GB/512GB SSD/14"" FHD",7075000,2017-04-01,26
ACER ASPIRE 5 A514 -53 -31QE,7180000,2017-04-04,22
"Acer Aspire 3 A315 AMD RYZEN 3 3200 8GB HDD 500GB 15,6"" DOS",7099000,2017-04-06,25
ACER Aspire ES1-432 CELERON N3350 Black,5500000,2017-04-08,23
ACER ASPIRE 5 A514-53 i3 1005G1 4GB 512SSD UMA 14FHD W10 OHS,7299000,2017-04-09,20
ACER ASPIRE 5 A514-53-3852|i3-1005G1|4|512,7699000,2017-04-10,19
ACER ASPIRE A314 RYZEN 3 3250U SSD VGA VEGA 14 W10,7879000,2017-04-11,21
ASUS VIVOBOOK E410MA PRE INSTALLED OFFICE 2019 HOME STUDENT ORIGINAL,5999000,2017-04-22,19
"Acer Aspire 3 Slim A314-22 AMD 3020E/ 4GB/ 256GB SSD/ 14""/ W10/OHS",4899000,2017-05-02,21
"ACER ASPIRE A314 RYZEN 3-3250/4GB/512GB/14""/WINDOWS 10/OHS 2019",7149000,2017-05-03,29
Acer Aspire 3 Slim A314 22.R6FB -Ryzen 3 3250 8GB 256ssd W10+OHS 14FHD,6899000,2017-05-04,19
"Acer Aspire 3 Slim A314-22 AMD Athlon 3050U 8GB 512GB 14"" W10+OHS",6550000,2017-05-06,34
"ACER Aspire 5 A514-53 - i3-1005G1 4GB 512GB + INTEL OPTANE 14"" W10 OHS",7850000,2017-05-07,31
HP PAVILION i5 4210u 4GB VGA NVIDIA  840M,4799000,2017-05-09,32
Motherboard Dell Inspiron 14-3421 VGA Intel,2000000,2017-05-16,24
LENOVO IDEAPAD SLIM 3 AMD 3020E 8GB 256GB 14INCH WIN10+OHS,6263000,2017-05-20,34
"LENOVO IDEAPAD SLIM 3 14IML05 PENTIUM 6405U 4GB 256GB SSD 14"" WIN10",5960000,2017-05-21,25
acer aspire R13 R7 372T touchscreen 8gb ram 256gb ssd windows 10 pro,4850000,2017-05-24,30
"acer aspire 5 A514-53/I3/1005G1/4GB/SSD 512GB/14""/W10+OHS",7499000,2017-05-26,24
LENOVO IDEAPAD IP130,6000000,2017-05-27,35
ACER ASPIRE 2IN1 R7 372RT I5 6200U 8GB RAM 128GB SSD 1920X1080 BACKLIT,5000000,2017-05-30,17
"LENOVO IDEAPAD 330 - INTEL N4000 - RAM 4GB - 500GB - WIN10 14""",4449000,2017-06-02,25
"ACER ASPIRE 3 A314-22 (R3-3250U/4GB/256GB SSD/RADEON GRAPHICS/14""/W10+",6499000,2017-06-04,27
Acer Aspire 5 A514-53-3852 Core i3-1005G1 4GB 512GB 14inch WIN10+OHS,7399000,2017-06-05,22
LENOVO IDEAPAD SLIM3 14ADA RYZEN 3 3250 4GB 256SSD WIN10 14.0FHD -GFID,6565000,2017-06-07,29
"LENOVO IDEAPAD SLIM 3i N4020-RAM 4GB-256GB SSD-14""-WIN10+OHS 2019",5399000,2017-06-09,16
LENOVO IDEAPAD SLIM 3-14IIL-1005G1-4GB-512GB-WIN10 BUSINESS BLACK,7780000,2017-06-14,32
LENOVO IDEAPAD SLIM 3 PENTIUM GOLD 6405U 4GB 256GB Win 10 OHS 19 Resmi,6389000,2017-06-18,38
lenovo ideapad slim 3 Intel Celeron N4020,5099000,2017-06-23,26
"Acer Aspire A514-53-31QE Notebook [Core i3-1005G1/1TB/4GB/14""/W10+OHS]",7070000,2017-06-25,26
01234 LENOVO IDEAPAD 130 - AMD A4-9125 4GB 500GB AMD R3 DVDRW 14 WIN1,4000000,2017-06-26,21
"LENOVO IDEAPAD 3 I3 - 1005G1/8GB/256GB SSD/15,6/TOUCHSCREEN/W10",7999000,2017-06-27,32
"LENOVO IDEAPAD 3 15IIL05 3RID i3 105G1/4GB/512GBSSD/MX330/15.6""IPS/W10",7990000,2017-06-28,50
Notebook Asus VivoBook X441BA-GA441T (Brown),4659000,2017-07-01,31
LENOVO IdeaPad Slim 3 14ADA05 [Ryzen 3-3250U/4GB/SSD 256GB/W10+OHS],6950000,2017-07-03,18
Adaptor/charger Original Acer Aspire 4730Z 4736Z Z 5715Z 5720Z 5730Z 5732Z,1500000,2017-07-04,23
LAPTO- Asus Vivobook A407MA Intel Celeron N4000 Ram4GB HDD1Tb WIN10 Or,4950000,2017-07-10,16
Notebook Asus Vivobook A409JB BV322T,6925000,2017-07-13,22
"Notebook DELL Vostro 3405 R5 Ryzen 5 3500U 4GB 256 SSD W10H OHS 14""",7990000,2017-07-14,38
Notebook Dell Inspiron 11 3180 Amd A9 Gen 7 Ram 4gb,3000000,2017-07-15,40
Acer Aspire 5 A514 53 3852 i3-1005G1|4GB|512GB SSD|Win10+OHS 2019,7299000,2017-07-16,36
"ACER ASPIRE 3 SLIM A314-22 AMD Athlon 3050U 4GB 256GB 14"" FHD W10 OHS",6399000,2017-07-17,20
"Acer Aspire 5 A514 Intel Core i3 1005G1 4GB 512SSD+OPT W10+OHS 14""FHD",7599000,2017-07-18,26
Notebook seken ACER ASPIRE HAPPY ULTRATHIN,1550000,2017-07-19,24
"ACER ASPIRE 3 SLIM A314-22 AMD ATHLON 3050U 4GB 256GB 14"" FHD W10 OHS",6399000,2017-07-21,27
"ACER ASPIRE 3 A314-22 AMD Ryzen R3 3250 4GB 256GB 14"" FHD W10 + OHS",6675000,2017-07-22,35
ACER ASPIRE 3 A315 42 R1RE R3 3200U 4GB 500GB W10 UpRam4GB,6790000,2017-07-23,32
"ASUS VIVOBOOK A409JA - I3-1005G1 DDR4 4GB SSD512GB 14"" FHD W10 BACKLIT",7956000,2017-07-24,27
ACER ASPIRE 3 A315 # REYZEN 5 3500u 8GB 15inch VEGA 8,7666000,2017-07-28,25
Acer Aspire 5 A514-53 Magical Color i3-1005G1 4GB 512GB Optane SSD FHD,7299000,2017-07-30,26
LENOVO Ideapad Slim 3i 14IGL | N4020 4GB 256ssd W10 14.0 |-OLID,5499000,2017-08-01,18
"Lenovo IdeaPad S145 14IWL P0ID (i5 8265U, DOS, 4GB, 1TB HDD, 14"" HD TN, NVIDIA MX110 2GB, Hitam)",7999000,2017-08-22,28
"Lenovo IdeaPad S145-14IKB i3 8130U 4GB 1TB HDD 14"" HD WIN10+OHS",6617000,2017-08-23,26
"Asus VivoBook A412FA EK54052T Pentium Gold 5405U 4GB 512GB SSD 14"" FHD",6549000,2017-08-30,22
Asus VivoBook A412FA-EK54011T - Silver [Pentium 5405U-4GB-1TB-W10],6599000,2017-08-31,26
"Asus VivoBook A412FA-EK54051T Intel N5405U 4GB 512GB 14""FHD Windows 10",6549000,2017-09-02,26
DELL INSPIRON 14 (3442) i3 4500U RAM 2GB,4000000,2017-09-05,26
DELL INSPIRON 14 - 3481 - i3-7020U - 4GB - 1TB - VGA R520-2GB - BLACK,6770000,2017-09-06,24
Lenovo Ideapad Slim 3i 14 i3 1005G1 4GB 512ssd MX330 2GB W10+OHS 14in,7899000,2017-09-08,28
ASUS Vivobook Max X441MA-GA011T 14-inch,4500000,2017-09-14,26
ACER SWIFT 3 i3 7020U 4GB 1TB NVIDIA MX150 2GB WIN10 14 INCH FHD IPS ALL WARNA,7349000,2017-09-20,20
"Lenovo Ideapad Slim 3i 14IGL N4020 4GB 256ssd W10+OHS 14"" - 0VID 0WID",5499000,2017-09-22,28
"Lenovo Ideapad Slim 3i 14IGL - N4020 4GB 512GB SSD 14"" WIN10+OHS",6099000,2017-09-23,37
"Acer Aspire 3 A314-32 N4120 4GB 256GB SSD 14"" WINDOWS 10 + OHS",5799000,2017-09-27,27
Lenovo IdeaPad C340-14IWL Notebook [Pentium 5405U/ 4 GB/ 256 GB/ 14 In,7000000,2017-09-29,28
"Acer Aspire 3 A314-32 Celeron N4000-4Gb-1TB-14""-NODVD Black Red Blue",4200000,2017-10-01,21
Lenovo Ideapad Slim 3 14IIL05 PMID | i3 1005G1 4GB 512ssd W10 14FHD,7499000,2017-10-04,15
Lenovo Ideapad 330 AMD A9 9425 RAM4GB HDD1TB VGA R5 Win10 Second,3699000,2017-10-06,19
Acer Aspire 3 A314 R5E2 | Ryzen 3 3250 8GB 256ssd 14FHD W10+OHS,6899000,2017-10-09,9
"ASUS ZENBOOK UX330UA Core i7 6500/RAM 8GB/SSD 256GB/IntelHD 13.3"" QHD+",7750000,2017-10-11,14
"Asus Vivobook A409JA EK351FHD -i3 1005G1 -512SSD -4GB -14""FHD -WIN 10",7699000,2017-10-14,26
Lenovo Thinkpad X220 Core i5 8GB ~ SSD 120GB Mulus,2500000,2017-10-17,17
"DELL Inspiron 3443 Core i5-5200/8GB/240GB SSD/14""/DVD/NVIDIA 840M 2GB",6999000,2017-10-20,22
Acer Aspire 3 A314 32 C3X0,5100000,2017-10-22,32
"Asus Vivobook A412FA 14"" inch FHD Intel N5405U 4GB 512GB SSD WIN10",7070000,2017-10-24,23
"Asus Vivobook E402YA-GA202T AMD E2-7015U-4GB-1TB-14""-Blue-Win10",4999000,2017-10-26,28
"Lenovo Ideapad S145 - AMD Ryzen 3 3200U|4GB|256GB SSD|Vega 3|14"" Slim",7099000,2017-10-29,29
Lenovo Ideapad Slim 3 14IIL05 PMID PNID PQID I3 - 1005G1 SSD 512GB,7474000,2017-11-06,17
Asus VivoBook E203MAH,5000000,2017-11-09,21
Lenovo Ideapad Slim 3 14IGL Intel N4020 512GB SSD OHS 2019 Grey,5760000,2017-11-11,24
Asus VivoBook E203MAH-FD011T,4000000,2017-11-12,27
Lenovo Ideapad 110 intel dualcore/Ram 4gb/Hdd 1Tb/Win10,3950000,2017-11-14,16
Lenovo Ideapad 3 14IML05 89ID 8AID Pentium 6405U 4GB 256GB SSD W10+OHS,5690000,2017-11-24,22
Lenovo Ideapad Slim 3 14ADA DRID DSID-AMD 3020 4GB 256ssd W10+OHS 14HD,5449000,2017-11-28,14
Acer Aspire 3 A314 Ryzen 3 3250 8GB 1TB Vega3 W10 (PRE) 14.0,7599000,2017-11-29,28
Lenovo Ideapad 310S intel Celeron/Ram2gb/Hdd 500/Win10,3350000,2017-11-30,15
DELL Inspiron 5447 INTEL CORE I7-4510U RAM8GB HDD1TB WINDOWS 10,3000000,2017-12-01,19
"Lenovo Ideapad IP 330 15ARR Ryzen 3 2200 8GB 1TB 15.6"" NFID",6699000,2017-12-02,16
ACER SWiFT 3 # i3 13 FHD SLiM !!,7078000,2017-12-10,20
Lenovo Ideapad Slim3 Amd Ryzen 3 3250u Ram 4GB SSD 256GB Windows Ofice,7099000,2017-12-17,22
"Lenovo Ideapad slim 3 i3 1005G1 4GB 512GB Ssd 14"" W10 + OHS",7790000,2017-12-19,7
ASUS Vivobook A409FA- BV351T/BV352T,6850000,2017-12-21,12
Acer Aspire 3 A314-32-COHM N4120 4GB 256GB SSD 14'HD W10+OHS2019,6100000,2013-01-09,16
lenovo ideapad S145 14 HD intel celeron 8th gen 4205U/4GB/256GB,5000000,2013-01-15,17
ACER ASPIRE 3 A314-41 RYZEN 5 3500U-8GB-1TB-VEGA 8-14-INCH HD-WIN 10,7899000,2013-01-16,14
Lenovo Ideapad Slim 3 14ARE05 - AMD Ryzen 3 4300U 8GB 512GB Win10,7999000,2013-01-20,24
"ACER ASPIRE 3 A314-22-R1KF ATHLON 3050U/4GB/256GB SSD/14""FHD/WIN10/OHS",5799000,2013-02-03,14
"LENOVO Ideapad S145 14"" HD Intel N4205U 4GB 256GB SSD windows 10",5999000,2013-02-12,14
ACER ASPIRE 3 A314-22-R8JF RYZEN 3-3250U 4GB 256GB SSD FHD WIN10 OHS,6799000,2013-02-14,14
"ACER ASPIRE 3 A314-32-C52Q N4000/4GB DDR4/1TB/NoODD/14""/W10 BLUE",4990000,2013-02-15,17
ACER ASPIRE 3 A314-32-C6KM N4120-4GB-256GB SSD-14HD,5555000,2013-02-16,25
lenovo ideapad s145 14ast 23id amd a9 9425 ram 4gb 1tb Win 10,5500000,2013-02-17,26
ACER ASPIRE 3 A315-41-R3LC - AMD RYZEN 3-2200U 4GB 1TB 15.6INC W10,5690000,2013-02-24,20
Lenovo Ideapad Slim 1 AMD Athlon Silver 3050/ 4GB/ 256ssd/ W10/ 11.6,4975000,2013-02-27,11
ACER ASPIRE 3 A315 42 R1RE RYZEN 3-3200 8GB 128SSD+500GB Vega 3 Black,7250000,2013-03-04,25
"ACER ASPIRE 3 A315-42-R1RE - RYZEN 3-3200U 8GB 500GB DOS 15.6""HD",6677000,2013-03-09,31
{CODE HY305} NOTEBOOK - Acer Aspire Switch 10 - Z3735F - 2GB - 64GB SSD - 10 in - Bekas Berkualitas ,2297000,2013-03-13,22
Lenovo Ideapad IP S145-4NID i3 1005 4GB 512GB SSD W10H OHS 81W6004NID,6850000,2013-03-15,17
"Lenovo Ideapad Slim 3 - Ryzen 3-3250 12GB 256GB SSD 14""FHD W10+OHS",7990000,2013-03-17,20
Lenovo Ideapad Slim 3 14ADA DPID | AMD 3020 4GB 256ssd W10 14HD,5199000,2013-03-21,25
Lenovo Ideapad Slim 3 14ADA Athlon 3050 with 512gb ssd win10+ohs,6475000,2013-03-22,28
ACER SWIFT 3 AMD ATHLON 300U 4GB DDR4 256GB SSD Vega 3 FHD Slim DOS,6200000,2013-03-24,30
Lenovo Ideapad Slim 3 14ADA AMD Athlon 3050 4GB 512ssd W10+OHS 14.0FHD,6449000,2013-03-25,17
LENOVO IdeaPad Slim 3 14ADA05 81W0[ATHLON 3050U/4GB/SSD 256GB/W10+OHS],5200000,2013-03-26,23
"Lenovo Ideapad Slim 3 / Ip 3 / Intel N4020 4GB/ SSD 256GB/14""/WIN10OHS",5350000,2013-04-05,23
"Lenovo Ideapad Slim 3i 14IGL05-0LID N4020 4GB 256GB SSD 14"" WIN10+OHS",5099000,2013-04-13,26
LENOVO IDEAPAD SLIM 3 15 i3 1005G1 8GB 256ssd W10 15.6FHD,6999000,2013-04-14,39
"LENOVO IDEAPAD SLIM 3 AMD 3020|RAM 8GB|256GB SSD|14""|W10+OHS",5750000,2013-04-16,19
"LENOVO IDEAPAD SLIM 3 AMD ATHLON 3050|SSD 256GB|RAM 4GB|14""FHD|W10+OHS",6390000,2013-04-17,25
Lenovo Ideapad Slim 3i i3 1005G1 4GB 512 SSD WIN 10 + OHS RESMI!!,7499000,2013-04-18,28
"Lenovo Ideapad Slim 3i 14IGL N4020 4GB 256ssd WIN10 + OHS2019 14"" BNIB",5300000,2013-04-19,29
"LENOVO IDEAPAD SLIM 3 GCID | AMD RYZEN 3-3250U 4GB 256GB 14"" FHD W10",7299000,2013-04-25,31
"LENOVO IDEAPAD SLIM 3 INTEL I3-1005G1 4GB 256GB SSD 14"" FHD W10+OHS",7450000,2013-04-28,20
"LENOVO IDEAPAD 3 I3-1005G1/8GB/256GB SSD/15,6""/W10",7199000,2013-05-06,20
"LENOVO IDEAPAD SLIM 3 INTEL I3-1005G1 4GB 512 SSD|14"" FHD IPS|W10+OHS",7609000,2013-05-08,29
"LENOVO IDEAPAD SLIM 3 RYZEN 3-3250U/8GB/256GB SSD/14""FHD/WIN10 + OHS",7799000,2013-05-09,25
acer aspire 3,4050000,2013-05-10,35
"Lenovo Ideapad Slim 3i 14IIL i3 1005G1 4GB 256ssd 14"" RCID/RDID",7499000,2013-05-11,23
LENOVO IDEAPAD 330 [CELERON N4000/4GB RAM/500GB HDD/14 INCH],4199000,2013-05-12,38
"LENOVO IDEAPAD IP3-14IIL05 |I3-1005G1|4GB|512GB SSD|14""|WIN10+OHS",7999000,2013-05-15,26
ACER ASPIRE 3 A314 22 R96E RYZEN 3 3250 RAM 4GB HDD 1TB VEGA 3 DOS,6989000,2013-05-19,29
LENOVO IDEAPAD L340 15API RYZEN 3-3200U 8GB 1TB+256SSD VEGA3 WIN10 PRE,7699000,2013-05-20,20
LENOVO IDEAPAD P330 15ARR RYZEN 3 2200 8GB 1TB DOS BLACK,6161000,2013-05-22,25
"Lenovo Ideapad Slim 3i N4020 4GB 256 SSD 14"" WIN 10 + OFFICE RESMI!!",5375000,2013-05-27,18
LENOVO IDEAPAD SLIM 3 14IGL INTEL CELERON DC N4020 4GB 512GB SSD OHS,5760000,2013-05-28,17
Lenovo Ideapad Slim 3i 14IIL i3 1005G1 4GB 256ssd OHS 14FHD -RCID RDID,6699000,2013-05-31,33
dell inspiron 15 3567 i3 6006U intel hd 520 ram 8gb hdd 1tb win 10,7000000,2013-06-06,29
"ACER ASPIRE 3 A314 RYZEN 3-3250|8GB|256GB SSD|14""FHD|WIN10+OFFICE",6999000,2013-06-10,16
Lenovo Ideapad Slim 3 i3-1005G1 4GB 512GB NVme MX330 FHD Office,7999000,2013-06-15,37
"Lenovo Ideapad Slim 3 Athlon 3050 4GB 256 SSD 14"" Win 10 + Office",5599000,2013-07-01,24
Lenovo Ideapad Slim 3 AMD Ryzen 3250U|4GB|256 SSD|14FHD|WIN10 OHS,7399000,2013-07-05,42
LENOVO IDEAPAD SLIM 3i-0NID | DUAL CORE N4020 4GB 256 GB SSD Win10+OHS,6299000,2013-07-06,32
Lenovo Ideapad Slim 3-14IGL05-0MID|N4020|4GB|256GB SSD|14 HD|W10+OHS,5649000,2013-07-09,29
LENOVO IDEAPAD 130-14AST - A4-9125 - WIN 10 - BLACK (81H40000ID),5800000,2013-07-13,27
"LENOVO IDEAPAD SLIM 3I - N4020 4GB SSD 256GB 14"" INTEL UHD W10 OHS",5999000,2013-07-15,17
Lenovo Ideapad Slim 3i,7500000,2013-07-16,21
[JC Comp] Lenovo IdeaPad 130 - 1MID,5700000,2013-07-17,31
Lenovo Ideapad Slim 3i 14 N4020 4GB 256ssd W10+OHS 14.0,5499000,2013-07-18,34
"Lenovo Ideapad Slim 3i 14 N4020 4GB W10+OHS 14""",5275000,2013-07-20,36
LENOVO IDEAPAD SLIM 3-14IGL N4020 RAM 4GB SSD 512GB WIN10 OHS BLACK,5760000,2013-07-22,30
Lenovo Ideapad Slim 3i - 14IIL05 i3-1005G1/4GB/512GB/W10H/OHS2019/UHD,7699000,2013-07-23,28
LENOVO IDEAPAD SLIM 3I- INTEL I3-1005G1 4GB 512GB 14'' FHD WIN 10+OHS,7799000,2013-07-24,24
"LENOVO IDEAPAD SLIM 3i INTEL N4020/4GB/256GB SSD/14""HDLW10+OHS 2019",5299000,2013-07-28,27
LENOVO IDEAPAD SLIM 3-14IGL-N4020-4GB-512GB-WIN10 PLATINUM GREY-OHS,5760000,2013-08-06,22
"ACER Aspire 5 514-53G-37JP|i3-10110U|4GB |1TB + SLOT SSD|14""| MX350",7979796,2013-08-10,25
Lenovo ideapad 310 SEKEN,4500000,2013-08-21,14
Lenovo ideapad 130/ Amd A4-9125/ Ram 4Gb/ Hdd 500Gb/14”,4400000,2013-08-23,27
Lenovo ideapad,5010000,2013-08-24,26
Lenovo IdeaPad 320-141KB-80XK00-50ID-BLIZZARD WHITe CORE I5 - 7200,7250000,2013-08-30,35
"ACER ASPIRE A314-22 AMD 3020e/8GB/SSD 256GB/14""/WINDOWS 10/OHS 2019",5675000,2013-08-31,26
"Lenovo IdeaPad 330 14AST AMD A9-9425,4GB,1TB ,VGA,DOS",5299000,2013-09-04,22
ACER ASPIRE A314 32 COHM INTEL QUAD CORE N4120 4GB SSD 256GB WIN 10 OR,5500000,2013-09-07,23
"Lenovo IdeaPad 330-14AST AMD A4 - 4GB -500GB - 14""",5000000,2013-09-08,38
"Lenovo IdeaPad 3 14IIL05 Core i3-1005G1 4GB 512GB SSD MX330 14"" FHD",7905000,2013-09-10,23
Lenovo IdeaPad 3 14IGL05 Celeron N4020 4GB 256GB SSD Win10+OHS,5250000,2013-09-13,28
ACER Aspire 3 A314 22 R1B4 Athlon 3050U 256GB SSD 4GB WIN 10 & OHS 201,5607000,2013-09-15,27
Lenovo IDEAPAD SLIM 3i INTEL i3-1005G1/4GB/Intel HD/512GB SSD/FHD,7379000,2013-09-22,36
"ACER Aspire E5-476 (Core i3-7020U, Win 10 Home) [476-386Q]⠀⠀⠀",7000000,2013-10-20,35
Lenovo ideapad S340 Core i5 8265U RAM 8GB SSD 128GB 15.6 HD Win 10,7699000,2013-10-24,23
ACER Aspire A314-22 - Athlon 3050U / 4GB / 1TB / Vega / W.10,5500000,2013-11-10,41
Lenovo Ideapad 3 Slim-14ADA05 AMD Athlon 3050U 4GB DDR4 256GB SSD W10+,6199000,2013-11-20,24
ORIGINAL 100% BATERAI BATRE DELL INSPIRON 14Z-5423 15Z-5523 / 2NJNF,2000000,2013-11-24,18
"Lenovo Ideapad 320 14""",6000000,2013-11-25,13
Notebook acer aspire one Ram 2GB HDD 320GB second,1599000,2013-11-27,17
"Lenovo Ideapad 130-15IKB - i3 7020U - 8GB - 256 SSD - 15.6"" - Win10",6850000,2013-12-04,16
Lenovo Ideapad 3 14IGL05 N4020U 4GB 256GB NVMe 14HD Office,4999000,2013-12-07,26
Notebook Lenovo Thinkpad Yoga 260 Core i5 6200u Ram 8gb SSD FHD IPS,6200000,2013-12-11,23
Lenovo Ideapad 3 14IML05 Pentium Gold 6405U SSD + OHS,6499000,2013-12-12,10
"ACER ASPIRE 3 SLIM A314-22 - RYZEN 3-3250U - 4GB - 256GB SSD - 14"" - WIN10 - OFFICE HOME STUDENT",6899000,2013-12-13,21
ACER ASPIRE 3 SLIM A314 R5L8 AMD RYZEN 3 3250U RAM4GB SSD512GB WINDOWS 10 + OFFICE ORIGINAL,6999000,2013-12-20,21
Lenovo Ideapad 320-14ISK,6650000,2014-01-01,19
Lenovo Ideapad 330 14AST AMD A9-9425 1TB,5700000,2014-01-02,17
"ACER ASPIRE 3 SLIM A314-22 - ATHLON 3050U - 4GB - 256GB SSD  - 14"" - WIN10 - OFFICE HOME STUDENT",5699000,2014-01-03,14
"Lenovo Ideapad 130 14""",5000000,2014-01-18,15
Lenovo Ideapad 130 - i3 6006 RAM 4GB 1TB 15 INCH DVD RW DOS,5500000,2014-01-19,25
Notebook Dell Inspiron 3593 [Ci3-1005G1-4-256-UMA-W10-BLK],6998888,2014-01-20,8
Lenovo IdeaPad S145-14IKB SSD 512GB,6330000,2014-01-21,14
Motherboard Dell Inspiron 14 3421 Intel Core i5 VGA Nvidia,2080000,2014-01-25,20
"Lenovo IdeaPad Slim 3 AMD 3020e 4GB 256GB SSD 14"" W10 OHS",5550000,2014-01-28,11
ACER ASPIRE 5 A514-51KG-36UX i3-7020U/4GB/1TB/MX230 2GB/Win 10,6850000,2014-01-29,15
"Lenovo IdeaPad Slim 3 Core i3 1005G1 4GB 256GB SSD 14"" FHD WIN10+OHS",7780000,2014-01-30,21
Lenovo IdeaPad S145 Grey,7700000,2014-02-01,36
"ACER ASPIRE 5 A514-53-3852|CORE I3 1005G1|4GB|512GB+32GB OPTANE|14""FHD",7249000,2014-02-08,25
"ACER ASPIRE 5 A514-53 - i3-1005G1 8GB 512GB SSD + OPTANE 14"" WIN10 OHS",7949000,2014-02-11,13
"Lenovo IdeaPad Slim 3 Pentium Gold 6405U 4GB 256GB 81WA00CTID 14"" FHD",5999000,2014-02-16,29
Notebook Acer Aspire 2GB/500GB Second,2199000,2014-02-18,16
Notebook Acer Aspire One  2GB 320GB Second,1599000,2014-02-20,23
Lenovo Ideapad 1 14 AMD A6 4GB 128GB (64+64) Ati R4 W10 14.0 GRY,4399000,2014-02-23,18
Lenovo Ideapad 130 - AMD A4-9125 - 4GB - 500GB - WIN 10,4100000,2014-02-27,22
Notebook Dell Inspiron 11-3180 AMD A9-9420e RAM 4GB HDD 500GB,4699000,2014-02-28,23
Notebook Dell Inspiron 3168,4050000,2014-03-01,29
"ACER ASPIRE 3 Slim A314-22 AMD RYZEN 3-3250U 8GB SSD 512GB 14"" W10 OHS",7699000,2014-03-02,24
Lenovo IdeaPad Slim 3 | Ryzen 3 3250U 4GB 256SSD W10 14FHD OHS,7379000,2014-03-05,19
"ACER ASPIRE 5 A514 53 i3-1005G1/4GB/SSD512GB/14""FHD/WIN10-Magic Purple",7498000,2014-03-11,27
"NOTEBOOK DELL INSPIRON 14- 3493 C13-1005G1, 4GB, 256GB SSD, 14FHD, W10",7299000,2014-03-13,21
"NOTEBOOK DELL INSPIRON 3180/A9-9420/4GB/HDD 500GB/WIN 10/11.6""",4500000,2014-03-14,19
Lenovo IdeaPad Slim 3i 0MID OHS Celeron N4020 Win10 4GB 256GB SSD 14,5600000,2014-03-18,21
DELL Inspiron 3180-A9-UMA W10 - Grey [AMD A9 9420e|4GB DDR4|HD 500GB|1,4975000,2014-03-23,39
"DELL Inspiron 14-3493 i3 1005G1 4GB 256GB SSD 14""FHD WIN10",7099000,2014-03-24,21
DELL INSPIRON 3480 i5-8265U-4GB-1TB-WIN10-14HD,7930000,2014-03-30,26
DELL Inspiron 14 (5459) i5-6200U - HDD 500GB - UBT,7899000,2014-03-31,15
DELL Inspiron 3671 Intel Core i3-9100/8GB/1TB/DVDRW/DOS + E2016HV,7250000,2014-04-10,28
DELL Dell Inspiron 3473 Notebook - Hitam,6000000,2014-04-16,19
DELL Battery Inspiron 7460,2350000,2014-04-17,30
Asus Vivobook A412FA Pentium Gold N5405 4GB 1TB 14HD Win10,6099000,2014-04-19,35
Asus Vivobook A409JB BV351TS/BV352TS i3 1005G1 4GB 512ssd MX110 4GB W10+OHS 14.0 Blit,7999000,2014-04-20,42
Asus Vivobook A409JA-EK351FHD i3-1005G1 4GB 512GB Win10,7499000,2014-04-22,28
Asus VivoBook Max X441,5000000,2014-04-27,28
CPU DELL Inspiron 3471 SFF Core i3-9100 8GB 1TB W10HSL 1YR,6950000,2014-05-01,30
ASUS VIVOBOOK M409BA-BV421T/BV422T|A4-9125/4GB/256GB SSD/Win 10,6075000,2014-05-26,15
ASUS VIVOBOOK FLIP TP412FA-8145U-4GB-128GB-WIN10HOME STAR GREY,7980000,2014-05-30,35
ASUS VIVOBOOK A442U / CORE I5-8250 / DUAL VGA / RAM 4GB / 8GB,7150000,2014-06-02,20
"ASUS VIVOBOOK A412FA I3-8145U 4GB 512GB SSD 14"" FHD WIN10",7999000,2014-06-03,31
ASUS VIVOBOOK A409MA/4GB/256GB SSD/INTEL N4000,5999000,2014-06-04,26
"ASUS VIVOBOOK A412FA-EK54052T|Intel 5405U/4GB/512GB SSD/14"" FHD",7075000,2014-06-08,38
ASUS VIVOBOOK A416JA INTEL CORE i3 1005G1 RAM8GB HDD1TB WINDOWS 10+OFFICE ORIGINAL,7329000,2014-06-12,37
Dell Inspiron 14 3481 | 4GB Ram | 1TB HDD | Intel HD 620 | I3 - 7020,6500000,2014-06-17,23
Dell Inspiron 14 3459 Core I5 Gen 6 / RAM 6GB / VGA Radeon R5 Vram 2GB,5500000,2014-06-18,31
ASUS VIVOBOOK 14 M409DA-EK301T Ryzen 3 3200 4GB 1TB Vega 3 W10 14.0FHD,7299000,2014-06-27,29
"ASUS Vivobook Flip TP401MA 2in1 Intel N4020 4GB 256SSD W10+OHS 14""",6999000,2014-07-07,30
"Dell Inspiron 3180--AMD A9-9420-4GB-500GB-11.6""-Grey-Resmi",4199000,2014-07-10,39
DELL Inspiron 11-3168-DRAX Celeron -W10-Touch,4200000,2014-07-12,50
Acer aspire E5-475G/Core i5-7200U/Ram 4G/Nvidia Geforce 940mx GDDR5,6350000,2014-07-20,45
Asus A407MA - N4000 - 4GB RAM - 1TB HDD - ASUS VIVOBOOK A407MA - Gold,5100000,2014-07-23,24
Acer Aspire 5 14 Inch 4/512GB A514 Intel Core i3 Windows 10 Resmi,7289000,2014-07-24,38
"Acer Aspire 3 Slim A314-22 AMD Athlon 3050U 4GB 1TB HDD 14"" W10 OHS",5299000,2014-07-26,34
Acer Aspire 3 Slim A314-22-R1KF AMD Athlon 3050U 4GB/256GB SSD FHD W10 OHS,5499000,2014-07-27,40
"Acer Aspire AXC-780 (i3-6100, 4gb RAM,1TB HDD,DOS, GT720)",6700000,2014-08-03,37
"Acer Aspire 5 A514-53-3852 [i3-1005G1/4GB/512SSD/14""/Win10+Office]",7273000,2014-08-04,23
"Acer Aspire 5 A514-53 i3-1005G1 4GB 512 + Intel Optane 14"" FHD W10+OHS",7475000,2014-08-07,23
Acer Aspire 5 A514-53 i3-1005G1 8GB/4GB 1TB HDD 14 inch Win10 OHS,7050000,2014-08-09,30
Acer Aspire 3 Slim A314 Athlon 3050 4GB 256ssd W10+OHS 14.0FHD BLACK,5799000,2014-08-14,24
Acer Aspire 3 Slim A314 Athlon 3050 4GB 256ssd W10+OHS 14.0FHD,5899000,2014-08-19,24
"ASUS VIVOBOOK E402BA AMD A4-9125 4GB 500GB 14"" WIN10",3699000,2014-09-01,23
"Acer Aspire 5 A514-53-3852 [14""FHD/i3-1005G1/4G/512GB/W10+OHS] Magical Color [NX.HZ6SN.002]",6799000,2014-09-16,28
"Acer Aspire 5 A514-53-3852 Intel Core i3-1005G1/Intel UHD/4GB-DDR4/512GB-SSD Optane 32GB/14"" FHD/W10",7475000,2014-09-19,30
ACER ASPIRE 3 A314-22 (AMD ATHLON 3050U/4GB/1TB/RADEON/W10+BAG)BLACK,5299000,2014-09-23,19
Ultrabook Acer Aspire Switch 11/ i5-4202y/4GB/128ssd,5200000,2014-09-24,22
ASUS VIVOBOOK A412FA PENTIUM GOLD N5405|4GB|512GB SSD|WINDOWS 10,6819000,2014-10-01,21
HP Pavilion Slimline 450-022L,6959000,2014-10-02,23
lenovo ideapad 110 skylake,3500000,2014-10-04,31
notebook dell inspiron 3180 ram 4 gb hdd 500Gb,2799000,2014-10-08,28
ASUS VIVOBOOK A412FA/5405U/4GB/1TB/WIN10,6899000,2014-10-25,38
Lenovo ideapad 320  core i5 7200U RAM DDR4 8 HDD 1 TB Nvidia 920mx,6000000,2014-10-27,22
"ASUS VivoBook A412FA - PENTIUM GOLD N5405U 4GB 1TB WIN10 14""FHD",6890000,2014-10-30,25
"DELL Inspiron 3481 14"" Inch Core i3-7020U 4GB 1TB VGA 2GB WIN10HSL 1yr",6750000,2014-11-01,35
"DELL Inspiron 3481 14"" Inch Core i3-7020U 8GB 1TB WIN10HSL 1yr",6500000,2014-11-02,30
Lenovo Ideapad V130-15IGM N4000 4GB 500GB DVDRW DOS,4531701,2014-11-04,25
"DELL Inspiron 3585 15.6"" 8GB AMD Ryzen 5 VGA Radeon V8 1TB WIN10HSL",7850000,2014-11-06,40
"ACER ASPIRE 5 A514 53 i3-1005G1 4GB 1TB HDD INTEL HD 14"" W10 + OHS19",6489000,2014-11-11,18
Lenovo Ideapad 330|Intel N4000|4GB|500GB|Win 10,3500000,2014-11-13,23
Acer Aspire 5 A514 53 14 FHD Core i3 1005G1 4GB SSd 512,7300000,2014-11-19,32
"Lenovo Ideapad 130 14AST 14""HD/AMD A4-9125/AMD Radeon/500GB",3925000,2014-11-23,42
Lenovo Ideapad Slim 3i - 14IIL05 i3-1005G1/4GB/256GB/W10H/OHS2019/UHD,7410000,2014-11-29,32
Lenovo Ideapad Slim 3i 14IIL i3 1005G1 4GB 512ssd WIN10+OHS FHD -PMID,7499000,2014-12-05,23
DELL INSPIRON 14-3481 CORE I3-7020U 4GB 1TB R520-2GB WIN10HOME BLACK,6770000,2014-12-07,23
Lenovo Ideapad Slim 3 14IIL-PNID i3 1005G1 4GB 512SSD FHD W10+OHS,7850000,2014-12-09,15
DELL INSPIRON 3162 CEL WIN RED,3529000,2014-12-11,19
ACER ASPIRE A311/INTEL N4000/2GB/500GB/WIN 10/RESMI-BIRU,4075000,2014-12-13,17
Acer Aspire 3 Slim A314 Ryzen 3 3250 8GB 256ssd Win10+OHS 14.0 FHD,6899000,2014-12-15,17
Acer Aspire 3 Slim A314 Ryzen 3 3250 4GB 512ssd Vega3 W10+OHS 14.0FHD,6999000,2014-12-16,25
DELL Inspiron 3180 AMD A9-9420/4GB/500GB/AMD R5/WIN10SL DELL INDONESIA,4500000,2014-12-18,21
"Acer Aspire 3 Slim A314-22 - AMD Athlon Silver 3050U|4GB|1TB|14"" HD",5499000,2014-12-20,17
"Dell Inspiron 3481 Core i3-7020U 14"" 4GB 1TB SATA AMD 2GB WIN10HSL",6850000,2014-12-23,23
ASUS Vivobook A416JA i3 1005G1 4G 512 SSD Win 10 + OHS RESMI!!,7750000,2014-12-26,25
ACER Aspire ES1-432-C7J0 CELERON N3350 Rosewood Red,6000000,2014-12-31,20
Dell inspiron 3467 (i3-6006/4GB/1TB/ubuntu),5499999,2015-01-05,10
"Acer Aspire 3 A315 42 R1RE AMD Ryzen 3 3200/8GB/SSD512/15.6"" BLACK",6990000,2015-01-07,12
Acer Aspire 5 A514-53 i3-1005G1 4GB 512 SSD + intel Optane Win10 OHS,7299000,2015-01-08,20
"Asus Vivobook X441BA AMD A4-9125 4GB 500GB Radeon R4 14.0""HD WIN10",4100000,2015-01-18,28
"Lenovo IdeaPad S145-AST-7nid AMD A9-9425/RAM 4GB/ITB/win10+ohs/14""",4650000,2015-01-19,11
Lenovo IdeaPad S145 Black,7700000,2015-01-20,9
Asus Vivobook TP412FA 2in1 Touch i3 8145 4GB 128ssd W10 14FHD,7799000,2015-01-25,26
Dell Inspiron 14 / Intel Core i5 Gen 6 / RAM 8GB / VGA R5 Vram 2GB,5800000,2015-01-27,16
"LENOVO IDEAPAD 320/BLACK/AMD A9-9420E/AMD R5/4GB/1TB/14""/WINDOWS 10",5249000,2015-02-06,21
LENOVO IDEAPAD SLIM3 RYZEN 3,7599000,2015-02-07,25
LENOVO IDEAPAD SLIM 3-14IGL INTEL N4020 RAM 4GB 512GB SSD WIN10 + OHS,5760000,2015-02-13,19
LENOVO IDEAPAD SLIM 3-14IGL-N4020-4GB-512GB-WIN10HOME BLACK + OHS,5760000,2015-02-20,28
"LENOVO IDEAPAD SLIM 3 14ADA AMD 3020 4GB 256GB SSD 14"" HD WIN10 OHS19",5499000,2015-02-21,33
ASUS VIVOBOOK A409JA INTEL CORE i3 1005G1 RAM4GB HDD1TB 14FHD WINDOWS 10 ORIGINAL,7549000,2015-02-24,19
ASUS VIVOBOOK A407UF-BV062T - i3-7020- 4GB- 1TB- MX130 2GB- 14HD- W10,6575000,2015-02-25,23
Asus VivoBook M409BA-BV422T AMD APU A4-9125 RAM 4GB SSD 256GB,6450000,2015-03-05,33
"Acer Aspire 3 A314-22-R5E2 Ryzen 3-3250 4GB 256GB SSD WIN10 14"" FHD - Hitam, Non Paket",6687000,2015-03-08,31
Dell Inspiron 7447 i7-47100HQ/8GB/1TB/GTX 850-4GB Second,6999000,2015-03-15,18
Asus Vivobook A409JA-EK351FHD i3-1005G1 4GB 512GB Win10 - Slate grey,7499000,2015-04-04,37
Dell Inspiron 14 3493 i5-1035G4 Ram 4GB 128GB SSD WIN10 Black,6060000,2015-04-05,32
Acer Aspire 3 - A314-41 - AMD A9-9420 4GB 256GB SSD Radeon R5 W10H,5350000,2015-04-09,28
"LENOVO IDEAPAD L340-15API AMD R3 3200U/4GB/256SSD/15.6""HD/DOS/DVDRW",6399000,2015-04-12,33
"Acer Aspire 3 - A314-32 [14""/N4000/4GB/1TB/Win10]",4350000,2015-04-13,26
Dell Inspiron 11-3162,3000000,2015-04-16,25
"Lenovo Thinkpad T400 Ram 4GB Intel Cpu 2,4Ghz windows 10",1750000,2015-04-21,24
Asus Vivobook A416MA EB421TS/EB422TS N4020 4GB 256ssd W10+OHS 14.0FHD IPS,5899000,2015-04-28,24
Notebook Acer Aspire 5 A514-53-32H2 Magical Color (Ci3-1005),7350000,2015-05-08,33
"ACER ASPIRE 3 SLIM A314-22 ATHLON 3050U 4GB 512GB 14""FHD WIN10 OHS",5899000,2015-05-12,30
"ACER ASPIRE 3 SLIM A314-22 ATHLON 3050U 4GB 512GB 14"" WIN10 OHS",5799000,2015-05-13,25
"ACER ASPIRE 3 SLIM A314-22 ATHLON 3050U 4GB 256GB 14""FHD WIN10 OHS",5699000,2015-05-14,39
LENOVO IDEAPAD 3 [ATHLON 3020E / 8GB / 256GB SSD / 14 HD /win10],5449000,2015-05-28,25
Acer Aspire 3 Slim A314 Ryzen 3 3250 8GB 256ssd W10+OHS 14.0 FHD SILVE,6899000,2015-06-22,25
Lenovo ideapad i7/8GB/250SSD/Win10 Second,5499000,2015-06-30,27
"Acer Aspire 3 A314-32-C6KM [Intel Celeron N4120 / UMA / 4GB-DDR4 / 256GB-SSD / 14"" HD / Win-10+OHS]",5405000,2015-07-02,40
"Acer Aspire 3 A314-32-C6KM [Celeron N4120/UMA/4GB/256GB/14""/Win10+OHS]",5405000,2015-07-05,43
Lenovo ideapad 110  n3160 Braswell ram2gb Hdd500Gb MulusFlashDeal11,2500000,2015-07-06,33
ACER ASPIRE 5 A514-53 INTEL I3-1005G1 4GB 512GB SSD 14 FHD W10 OHS19,7550000,2015-07-12,42
"Acer Aspire 3 Slim A314-22 - Ryzen 3 3250U|4GB|256GB|RX Vega 3|14""",6999000,2015-07-21,37
"Acer Aspire 3 Slim A314-22 - AMD A3020e 4GB SSD 256GB 14"" FHD W10 OHS",5499000,2015-07-27,34
asus vivobook flip tp401ma bz221ts x360 N4020/4GB/256 SSD/Win 10+OHS! - Abu-abu,6950000,2015-08-15,35
DELL Inspiron 3481-I3 7020|4 GB|1 TB HDD|Amd radeon 520 2 GB|Windows,6500000,2015-08-22,40
ASUS VIVOBOOK A412FA-EK54051T /PENTIUM GOLD 5405U /4GB RAM /512GB SSD/Win10/KEY Backlight,7287000,2015-09-06,36
"ASUS VIVOBOOK A412FA - PENTIUM 5405U 8GB 256GB SSD WIN10 14"" FHD",7699000,2015-09-11,27
Acer Aspire One Blue Intel Atom RAM2GB HDD320GB Win10 Second,1699000,2015-09-12,37
"LENOVO IDEAPAD SLIM 3 AMD ATHLON-3020/4GB/SSD 256GB/14""/WIN.10/OHS 20",5749000,2015-09-23,19
notebook seken mulus Acer Aspire d270 type terlaaris merah,1900000,2015-09-24,27
Acer Aspire A314-22 Ryzen 3-3250U 4GB 256 SSD FHD W10 OHS,6799000,2015-09-25,28
ASUS VIVOBOOK A412FA INTEL PENTIUM GOLD N5405U RAM8GB SSD512GB SSD 14 FHD WINDOWS 10 ORIGINAL,7499000,2015-10-02,33
Lenovo Ideapad Slim 3 14IML Pentium 6405 8GB 256GB WIN+OHS,6199000,2015-10-03,25
Lenovo Ideapad Slim 3 AMD 3020e 4GB 256GB SSD 14 inch WIN10+OHS,5850000,2015-10-05,21
ASUS ROG 500GB,6000000,2015-10-07,20
Lenovo Ideapad Slim 3 PENTIUM 6405U GOLD 8GB 256 ssd W10 14HD,5990000,2015-10-09,29
ACER ASPIRE 3 SLIM A314 AMD ATHLON 3050U RAM4GB SSD256GB/512GB 14HD WINDOWS 10 + OFFICE ORIGINAL,6199000,2015-10-18,34
ACER ASPIRE 3 A315-42-R1RE - RYZEN 3-3200U 4GB 500GB WIN 15.6HD,6299000,2015-10-20,29
Acer Aspire 5 A514-52K i3 8130 4GB 1TB W10 3879/39HM/37UK/39HM,6699000,2015-10-21,29
LENOVO IdeaPad D330-10IGM-N4000-4GB-128G EMMC-10.1-Mineral Grey,5200000,2015-10-30,32
"Lenovo IdeaPad Slim 3 - 14ADA05 | 14"" | Athlon 3050U | Vega 3 2GB | RAM 4GB | Win 10 HOME + OHS 2019",6349000,2015-10-31,39
Lenovo IdeaPad Slim 3-14ARE05-81W3007PID AMD Ryzen 3-4300U,7650000,2015-11-07,29
"Lenovo IdeaPad Slim 3i-14IIL05 (i3-1005G1/8GB/256GB/14""/W10/office2019",7399000,2015-11-09,23
ACER ASPIRE 3 A314-32-C52Q/C3X0/C09W Intel N4000 BLACK/BLUE/RED WIN 10 - STONE BLUE,3649000,2015-11-23,20
ACER Aspire 3 A314-22-R6YK 3050U 4GB SSD512GB FHD WIN10+OHS - Black,5799000,2015-12-10,23
Asus Vivobook E203Mah Celeron N4000 Ram 4GB HDD 500GB LED 12inch Win10,3750000,2015-12-12,16
ASUS Vivobook e203mah fd012t,4949000,2015-12-14,15
"Asus Vivobook Flip TP412FA i3-8145U|RAM 4GB|128GB SSD|W10 14""FHD TOUCH",7799999,2015-12-20,14
DELL inspiron AMD A9 memory 4GB RAM 500GB kualitas bagus,5250000,2015-12-24,25
"Lenovo Ideapad Slim 3i N4020 4GB 256 SSD 14"" WIN 10 + OFFICE RESMI!! - Abu-abu",5450000,2015-12-25,29
Dell Inspiron 11 3195 2in1 Touch AMD A9 4GB 128GB W10 11.6,4499000,2015-12-27,29
Lenovo Ideapad Slim 3i N4020 4GB 256GB SSD W10+OHS,5699000,2015-12-30,25
Asus Vivobook A409MA BV411T N4020 4GB 1TB 14HD W10 BLit,5599000,2016-01-05,22
"DELL Inspiron 3481 (14"" Inch) Core i3-7020U/4GB/1TB/Intel/WIN10HSL",5700000,2016-01-16,15
LENOVO IDEAPAD C340 14API RYZEN 3-3200U 8GB 256GB SSD VEGA-3 WIN10,7879000,2016-01-23,24
LENOVO IDEAPAD SLIM 3i CELERON N4020 256GB SSD WIN10 + OHS,5300000,2016-02-03,15
LENOVO IDEAPAD 3-14ADA05-DQID 3020e 4GB 256GBSSD HD WIN10 OHS BLACK,5900000,2016-02-08,16
Asus Vivobook A412FA-EK54011T/12T/13T/14T/Pentium 5405U/4GB/1TB/FHD,5949000,2016-02-10,29
Asus Vivobook A412FA Pentium Gold N5405 4GB 1TB 14FHD Win10,6399000,2016-02-16,20
Asus Vivobook A412FA INTEL PENTIUM GOLD 5405U RAM4GB/RAM8GB HDD1TB 14FHD WINDOWS 10 RESMI,6499000,2016-02-17,21
"LENOVO IDEAPAD SLIM 3 14ADA05 - AMD 3020E 8GB 256GB 14"" AMD Radeon W10",5999000,2016-02-19,36
"Thinkpad 14"" T420-Gen2-Ram4G-HDD320GB-Kamera-DVD-Win10",2599000,2016-02-21,21
ACER ASPIRE 3 A314 RYZEN 5 3500 4GB 1TB VEGA8 W10,7550000,2016-02-27,22
ACER ASPIRE 3 A314 22 R1KF AMD ATHLON 3050U 4GB 256SSD VEGA 3 W10 OHS,6099000,2016-03-09,26
asus vivobook flip tp401ma bz221ts x360 N4020/4GB/256 SSD/Win 10+OHS!,6950000,2016-03-11,28
"Acer Aspire 5 A514-53 - i3-1005G1 4GB 512GB + OPTANE 14"" FHD W10 OHS",7399000,2016-03-18,28
ASUS VIVOBOOK E203 4GB,4400000,2016-03-23,27
ACER ASPIRE 5 A514 - CORE  i3 4GB 1TB MX130 2GB - Windows 10,6599000,2016-03-25,28
"Asus ExpertBook P1440FA-FQ2468TS - i3-10110U, 4GB DDR4, 256GB SSD",7699000,2016-03-27,34
HP Notebook 245 G7 [2E6K2PA],6999000,2016-04-01,38
Acer Aspire Switch 11 Core i5 gen4 Tablet 2 in 1 Touchscren,4200000,2016-04-09,40
ACER  ASPIRE 3 A314-21 A4-9120E 4GB,4299000,2016-04-11,30
LENOVO V14-IIL CI3-1005G1 1.2GHZ / 4GB/ SSD 256GB  / 14 INCI  / WIN10 (IRON GREY),6950000,2016-04-15,31
ASUS VIVOBOOK A412FA INTEL PENTIUM GOLD N5405U RAM4GB SSD512GB SSD 14 FHD WINDOWS 10 ORIGINAL,7099000,2016-04-21,37
lenovo thinkpad x230,2750000,2016-04-23,26
Acer Aspire 5 A514-53 - i3-1005G1 4GB 512GB + INTEL OPTANE 14 W10 OHS,7800000,2016-05-13,44
Lenovo Ideapad 110 / Intel N3060 / RAM 4GB HDD 1TB,2700000,2016-05-16,24
"Lenovo IdeaPad Slim 3i-14IIL05-81WD00RDID/i3-1005G1/4GB/256GB/14""/W10",7099000,2016-05-24,39
"Lenovo Ideapad Slim 3i 14"" FHD Core i3-1005G1 4GB 256GB SSD WIN10 OHS",7474000,2016-05-26,40
DELL SLIM OPTIPLEX SFF i7,3500000,2016-05-28,29
Lenovo Processor Server IBM Intel Xeon E5-2609 2.4GHz Quad Core - (69Y5325),7250000,2016-05-30,27
Lenovo T430u Ci7 Nvidia GT 620M 3Gb,3986750,2016-06-02,34
"Lenovo Ideapad Slim 3i 14IGL N4020 4GB 512ssd W10+OHS 14"" - 0VID 0WID",5599000,2016-06-05,42
Acer Aspire A314-22 Ryzen 3 3250U 4GB 256 SSD FHD W10+OHS,6775000,2016-06-06,40
HP Pavilion 15 Ryzen 5 3500 8GB 1TB Vega8 W10 15.6FHD,7899000,2016-06-14,39
DELL OPTIPLEX 3020 I5 | 8GB | 500GB,2200000,2016-06-21,44
"Lenovo IdeaPad Slim 3 14ADA05 Ryzen 3 3250U 4GB 256 SSD 14""FHD W10+OHS",6970000,2016-06-24,44
DELL OPTIPLEX 3020 SFF SLIM I5 4570 GEN4  8GB/500GB,2250000,2016-06-25,58
DELL OPTIPLEX 7010/9010 SFF I7 3770,2800000,2016-06-26,37
DELL OPTIPLEX 9010 I5 gen3 3470 4GB/500GB,2100000,2016-06-27,32
DELL INSPIRON 14-3493-1035G4-4GB-128GB-WIN10 BLACK-I5 10th Ge,7515000,2016-06-29,34
Lenovo Ideapad Slim 1 11ADA AMD Athlon 3050 4GB 256ssd W10 11.6HD GREY,5400000,2016-07-06,42
DELL 3020 I7 4770 3.4GHZ GEN 4,3650000,2016-07-08,45
"ACER ASPIRE 3 A314 33 C8DR N4120 4GB 256GB SSD 14"" HD DVD WIN10+OHS",5455000,2016-07-11,32
Lenovo Ideapad S340 15 i5 8265 8GB 256ssd Windows10 15.6,7899000,2016-07-12,28
"Acer Aspire V5-132: Notebook RES,MI BARU",3875000,2016-07-26,37
ASUS ZENBOOK UX 401UQ I7/16RAM/256SSD/1TB,8000000,2016-07-27,33
TOSHIBA DYNABOOK R734 | CORE i5 GEN4 | RAM 4GB | SSD 120GB | LAYAR 13 INCH,3350000,2016-08-05,36
Lenovo Ideapad 330s Core i5 8250u/RAM 8GB/SSD 256GB/AMD Radeon 535 2GB 14Inch HD,7100000,2016-08-10,29
"LENOVO IDEAPAD SLIM 3 14ADA05 - AMD 3020E 4GB 256GB 14"" AMD Radeon W10",5899000,2016-08-13,30
Acer Aspire 5 A514-53 i3-1005G1/4GB/512GB SSD/Win10+OHS2019,7499000,2016-08-20,31
LENOVO IDEAPAD SLIM 3i INTEL CELERON N4020 4GB 512GB SSD WIN10 OFFICE,6000000,2016-08-21,35
Lenovo Ideapad IP 330 Intel N4100 4GB SSD 120GB Wind 10 DVD RW 14inc,5100000,2016-08-25,23
ACER ASPIRE 3 A314 ATHON 3050U_8GB_SSD 256GB_W10+OHS_VGA GRAPHISC_FHD,6349000,2016-08-30,26
"Lenovo Ideapad Slim 3-14IIL05 i3-1005G1/4GB/512GB SSD/14""FHD Win10 OHS",7749000,2016-09-07,32
ASUS Vivobook A412FA [Intel Pentium Gold 4/1TB HDD Grey],6699000,2016-09-11,35
ASUS Vivobook A412FA EK54053T intel 5405U/4GB DDR4/512GB SSD|Win10,6995000,2016-09-16,33
Asus VivoBook A407UF - Gen8/i5 8250U/SSD 860 Evo 500GB,7400000,2016-09-22,39
Acer Aspire 3 A314-22 Ryzen 3-3250U 4GB/256GB SSD AMD Radeon W10 OHS 2019 FHD,6899000,2016-09-24,43
LENOVO IdeaPad Slim 3i BID/RDID/RAID/RCID i3-1005G1 4GB- 256GB+OHS,7270000,2016-09-25,43
ACER ASPIRE 5 A514-53 I3-1005G1/4GB/SSD512GB/WIN10+OHS/14INC FHD,7250000,2016-10-01,22
Acer Aspire 3 A315-41,6000000,2016-10-19,28
LENOVO IDEAPAD 330 - AMD A6-9225,6000085,2016-10-25,24
ASUS VivoBook M409BA-BV412T AMD A4-9125 4GB DDR4 1TB 14 Inch Windows 10 - Gray,5450000,2016-10-28,26
HP All-in-One 200 G3 Non Windows [3ZF83PA],7999000,2016-11-11,43
"Lenovo Thinkpad T450 - Core i5, RAM 8 GB/256 GB SSD, 14 Inch, Hitam.",4500000,2016-11-15,22
Dell Inspiron 14 / Intel Core i3 6006U / RAM 4GB / HDD 1TB / VGA Intel,4000000,2016-11-25,44
ASUS VIVOBOOK X441BA AMD A4-9125 R5 Graphics RAM 4GB 1TB HDD,5100000,2016-11-26,35
Notebook Dell Vostro 3401 [Ci3-1005G1-4-128GB SSD-1T-UMA-W10-BLK],7199000,2016-11-28,24
"ASUS VIVOBOOK X441BA - A4-9125 4GB 1TB RADEON R3 WIN10 14""HD",5860000,2016-11-29,26
"ACER ASPIRE 3 Slim A314-22 ATHLON 3050U 4GB 256GB SSD 14""FHD Win10+OHS",5950000,2016-11-30,24
"Dell Inspiron 3593 Core i3-1005G1 15,6"" 4GB 256GB SSD WIN10HSL",6900000,2016-12-04,26
Asus Vivobook A412FA EK54051T Pentium Gold 5405 4GB 512ssd 14.0FHD W10,6799000,2016-12-05,31
"ASUS VIVOBOOK A409JA - I3-1005G1 4GB 1TB 14""FHD W10 KB BACKLIT",7599000,2016-12-07,22
Asus Vivobook A407UA,4000000,2016-12-10,27
"ASUS Vivobook Flip TP401MA BZ221TS x360 N4020 4GB 256ssd W10 OHS 14""",6999000,2016-12-14,18
Acer Aspire 3 A314 Ryzen 5 3500 4GB 1TB Vega8 W10 (PRE) 14.0,7549000,2016-12-15,25
ASUS Vivobook Flip 14 TP401MA BZ221T Intel N4020 SSD 256GB Win10 OHS,7050000,2016-12-18,24
"ACER ASPIRE A314 - 22 - R20Z - R5-3500 - 14.0"" - 4GB - 1TB - DOS",7100000,2016-12-23,20
"LENOVO IDEAPAD 130 14"" AMD A4-9125 RADEON 3 RAM 4GB HDD 500GB",4850000,2016-12-29,25
"ACER ASPIRE A315-42-R8SM RYZEN5-3500U/8GB/1TB/VEGA8/W10/15.6""HD",7450000,2017-01-09,19
"ACER ASPIRE A314 RYZEN 3-3250/8GB/512GB/14""/WINDOWS 10/OHS 2019",7649000,2017-01-11,16
Acer Aspire 3 Slim A314 Ryzen 3 3250 4GB 512ssd W10+OHS 14.0 BLK -22.R,6899000,2017-01-14,24
Acer Aspire 3 Notebook [Cel N3350/4GB/500GB/14 Inch/Endless OS],5099000,2017-01-16,16
Acer Aspire 3 Slim A314 R6LB | Ryzen 3 3250 4GB 512ssd Vega3 W10+OHS,6999000,2017-01-17,21
dell inspiron 14 3442,4100000,2017-01-19,23
Lenovo ThinkPad T430 |Core i5-Gen 3 |VGA NVIDIA NVS (1 GB) |Camera - RAM 8-HDD 500,3500000,2017-01-21,17
ACER ASPIRE 3-A315-AMD RYZEN 3 -3200U-VEGA 3-8GB-HDD 500GB-15.6 HD,6790000,2017-01-23,16
LENOVO IDEAPAD IP3 14ADA05 RYZEN 3 4GB / 256GB SSD / OFFICE HOME & STUDENT / WINDOWS 10 ORI,7099000,2017-02-06,18
"Acer Aspire 5 A514-53 i3-1005G1 4GB 512 SSD w10+OHS PURPLE 14""",7717000,2017-02-07,24
Lenovo ThinkPad W530 |Core i7 -Gen 3 |Camera - RAM 8-SSD 256,5790000,2017-02-08,24
Notebook dell inspiron 3162 N3060/4GB/500GB/second,2699000,2017-02-10,28
Acer Aspire 5 A514 i3 1005G1 4GB 512ssd W10 OHS 14.0FHD PUR -53.3852,7599000,2017-02-18,26
Acer Aspire 3 A311-31-C64M/C0LZ/C5Z5 N4000 4GB 500GB RED/BLACK/BLUE,3774000,2017-02-23,20
Acer Aspire 5 A514-53 i3-1005G1 SSD Win10 & Office Home&Student (FHD),7499000,2017-02-28,17
"ACER ASPIRE 5 A514-53 I3-1005G1/8GB/SSD 512GB + OPTANE/14""/WIN10/0HS",7875000,2017-03-07,17
"ACER ASPIRE 5 A514-53 i3-1005G1 4GB 512GB + INTEL OPTANE 14"" W10 OHS",7655000,2017-03-08,23
"ACER ASPIRE 5 A514-53 - i3-1005G1 4GB 512GB SSD 14"" WIN10 OHS",7299000,2017-03-23,29
Acer Aspire 3 A314-22R6FB -Ryzen 3-3250/8GB/256ssd+1TB/ W10+OHS/14FHD,7949000,2017-03-24,27
ACER ASPIRE 3 A314-22 (AMD ATHLON 3050U/4GB/256GB SSD/FULLHD/OHS/W10),5799000,2017-03-26,37
Acer Aspire 3 A314-32 Intel N4120 8GB/4GB 1TB HDDIntel HD Graphics W10,5199000,2017-04-02,38
ACER ASPIRE 3 A314 R3 3250 4GB 1TB VEGA 3 DOS,5490000,2017-04-04,32
ACER ASPIRE 5 A514-53 - i3-1005G1 4GB 512GB SSD + 32GB OPTANE W10 OHS,7390000,2017-04-13,22
Dell Latitude E7450 -Core i5-Gen 5 -RAM 8 GB -HDD 500 GB -Camera - RAM 4-HDD 500,4350000,2017-04-16,42
Dell Precision M4800 | Core i7-Gen 4 | RAM 16 GB|SSD 128 GB+HDD 500 GB,7780000,2017-04-18,37
Lenovo Ideapad Slim 1 11ADA AMD 3050 4GB 256ssd W10 11.6,5400000,2017-04-22,40
Dell Latitude E6430 |Core i7-Gen 3 |Webcam | Nvidia 1GB DDR5 - RAM 8-SSD 128,4075000,2017-04-26,40
Lenovo Ideapad Slim 3 14ARE Ryzen 3 3250 4GB 256ssd Vega5 W10+OHS 14.0,7899000,2017-04-30,33
Dell Inspiron N4110,6100000,2017-05-08,21
Dell Latitude E5450 |Core i5-Gen 5 |Camera - RAM 8-HDD 500,4400000,2017-05-10,35
"DELL Inspiron 3670 i3-8100,4GB,1TB,Win 10 Home",7250000,2017-05-15,21
Lenovo Ideapad 3 Slim 14ADA05 Athlon 3020e/256GB SSD/4GB/win10+OHS,5590000,2017-05-18,41
ASUS VIVOBOOK A419MA INTEL N4020 RAM4GB SSD256GB 14 FHD IPS WINDOWS 10 ORIGINAL & OHS 2019,5699000,2017-05-27,47
DELL Inspiron 3481 i3-7020U|4GB|1TB|VGA|Win 10,6400000,2017-05-30,35
"ASUS VIVOBOOK A412FA INTEL PENTIUM GOLD 5405U 4GB 1TB 14""FHD WIN10",6499000,2017-06-16,33
Lenovo IdeaPad 3 14ARE05 AMD Ryzen 3 4300U,7300000,2017-06-18,57
LENOVO IdeaPad Slim 3 14ADA05 81W000DQID AMD 3020e 4GB 256 W10 + OHS,5770000,2017-06-19,35
LENOVO IdeaPad Slim 3i 14IIL05 - i3-1005G1 - WIN10+OHS [81WD00PJID],7999000,2017-06-23,31
ASUS Vivobook A412FA [Intel Pentium Gold 4/512GB Grey],7099000,2017-06-26,17
Dell Inspiron 3481 I3 7020U 4GB 1TB AMD RADEON 520 2GB Win10,6740000,2017-06-28,33
ACER Aspire E5-573G Corei5 4210U RAM4GB HDD500GB GT920M-2GB Win10,3999000,2017-06-30,39
Acer Aspire 3 A314,7000000,2017-07-02,48
Dell Inspiron 3593 Intel Core I3-1005G1 8GB 256GB SSD WIN10HSL 1YR,7700000,2017-07-04,29
"LENOVO IDEAPAD 330 AMD A4-9125 - 4GB RAM/500GB HDD/14""/WIN10",4599000,2017-07-05,35
Dell Inspiron 3467 I3-7020 RAM 4 SSD 120 HDD 500,4800000,2017-07-07,44
"ASUS VivoBook 14 A416MA - N4020 DDR4 4GB SSD 256GB 14"" FHD IPS W10 OHS",5999000,2017-07-12,45
Dell inspiron 3467 ci3 7020|i3-7020U/4GB/1TB/INTEL HD/WIN 10/DVDRW - H,7500000,2017-07-17,31
ACER Aspire A314-22 - Athlon 3050U / 4GB / 256GB SSD / Vega / W.10+OHS,5825000,2017-07-20,38
Asus Vivobook A409JB BV311TS BV312TS i3-1005G1 MX110 4gb 1tb WIN+OHS,7879000,2017-07-21,33
ASUS Vivobook A412FA INTEL PENTIUM GOLD N5405U 4GB SSD256GB W10 ORI,6899000,2017-08-11,50
"Acer Aspire 3 A314-32 C0HM N4120/4GB DDR4/256SSD/NOOOD/14""/W10 OHS2019",5399000,2017-08-12,42
Acer Aspire 3 A314-32-C6KM [N4120/4GB/256GB SSD/W10/OHS],5499000,2017-08-23,29
Lenovo ideapad 330 14,3445000,2017-08-28,39
"Lenovo ideapad 130 - AMD A4-9125 - 4GB - 500GB - 14"" - Win10",4850000,2017-08-30,27
Acer Aspire 3 A314-32-C0HM Celeron N4120|4GB|256 SSD|NO ODD|Win 10+OHS,5599000,2017-09-02,39
Asus VivoBook A412FA / Pentium gold 5405 / 4GB / HDD 1TB FHD IPS,6650000,2017-09-04,32
Acer Swift 3 SF314-54G-7030U-4GB-1TB-MX150-Win10,7750000,2017-09-18,26
"Acer Aspire 5 A514-53 Core i3-1005G1 RAM 4GB 1TB HDD 14""HD W10+OHS",6799000,2017-09-24,38
"Acer Swift 1 SF114-33-P86X N5030/4GB/512SSD/INTEl UHD/14""/W10 OHS 2019",6299000,2017-09-26,24
acer aspire 3 a314 32,5500000,2017-09-29,42
Acer Aspire 5 Slim A514 i3 1005G1 4GB 512ssd+Opt W10+OHS 14.0FHD PUR,7399000,2017-10-02,21
Acer Aspire E14 E5-475 i3-6006U RAM8GB HDD500GB W10 Second,3799000,2017-10-03,28
"ASUS VIVOBOOK A412FA PENTIUM GOLD 5404U 4GB 512GB SSD 14"" W10 HOME",7199000,2017-10-09,16
acer aspire e5-476g-32bli3-8130u ram 4gb hdd 1tb vga mx150 2 gb 14inch,7980000,2017-10-11,39
acer swift 3i,6990000,2017-10-13,32
asus zenbook ux302lg keren abis i5 4200 4gb 500gb 16gb ssd vga 730gt,6000000,2017-10-16,27
NOTEBOOK ACER A314-22-R6LB R3-3250 4GB 512G WIN10+OHS BLACK,6690000,2017-11-09,28
Acer Aspire 5 A514 i3 1005G1 4GB 512ssd+Opt W10+OHS 14.0FHD,7399000,2017-11-12,33
ACER ASPIRE 3 SLIM A314 R6JU AMD ATHLON 3050U RAM8GB SSD512GB 14HD WINDOWS 10 + OFFICE ORIGINAL,6699000,2017-11-14,32
HP Pavilion 15 Ryzen 5 3500 8GB 1TB Vega8 W10 15.6FHD - 256ssd,7899000,2017-11-15,19
Acer aspire 3 A314-33,4500000,2017-11-16,28
Acer Swift 3 i5,8000000,2017-11-19,45
"ACER ASPIRE 3 SLIM A314-22 - ATHLON 3050U - 4GB - 256GB SSD - 14""FHD - WIN10 - OFFICE HOME STUDENT",5899000,2017-11-20,27
"ACER ASPIRE 3 SLIM A314-22 AMD ATHLON 3050U 4GB 512GB 14"" FHD W10 OHS",6450000,2017-11-22,33
"ASUS VIVOBOOK A416MA-BV401TS N4020-4GB-1TB-14""-WIN 10 + OHS",5799000,2017-11-23,41
Notebook Acer Aspire 3 A311-31 Ram 4gb/500gb Windows 10,4660000,2017-11-24,38
ACER ASPIRE 3 SLIM A314-22-RYZEN 3 3250 RAM 4GB SSD 256GB FHD WIND10,6979900,2017-11-26,44
Acer Aspire 5 A514 - 53 | i3-1005G1 | 4GB | 512GB,7399000,2017-11-27,29
"ACER ASPIRE 3 SLIM A314-22 RYZEN 3-3250U 4GB 256GB 14""FHD WIN10 OHS",6799000,2017-11-28,36
"Lenovo IdeaPad 330 - AMD E2-9000 - 4GB - 500GB - DVDRW - 14"" - WIN10",5175000,2017-12-03,20
Lenovo IdeaPad Slim 3 14IIL05 Core i3 1005G1 4GB 512 SSD Win10 + OHS - PNID-Hitam,7399000,2017-12-09,29
DELL INSPIRON 15-5565/AMD A12-9700P/RAM 8GB/HDD 1TB/VGA RADEON R7,5800000,2017-12-28,21
"ASUS A407MA/GOLD/INTEL N4000(4GB/256SSD)INTEL HD/14""/WINDOWS 10",5399000,2013-02-13,12
LENOVO IDEAPAD SLIM 3 - PENTIUM 6405 8GB 256GB SSD WIN10 + OHS,6999000,2013-03-03,21
Asus Vivobook X441MA Intel N4020 Ram4GB HDD1TB Intel HD Graphic Windows 10 Original,5299000,2013-03-30,21
LENOVO IDEAPAD S145 14IKB i3 8130 4GB 1TB W10+OHS 14.0,6149000,2013-04-01,15
Dbwh Psrn Acer Aspire A514-53-3852 Core i3 Gen 10 RAM 4GB SSD 512GB,6999000,2013-04-03,21
Asus Zenbook UX303 i5 Gen5 4GB Ram 500GB gt940m no Xps spectre envy,5600000,2013-04-11,29
"DELL INSPIRON 14 3476 CORE I5 4GB 1TB UMA 14""HD W10",4699000,2013-04-14,31
DELL INSPIRON 14 3493-1035G7-4GB-128GB-WIN10 BLACK-41633-Amb2,7475000,2013-04-15,15
DELL INSPIRON 14 5447 - INTEL CORE i7-4510U - VGA AMD RADEON R7 2GB,5500000,2013-04-16,24
ACER ASPIRE 5 A514-53 i3-1005G1 4GB 512GB SSD INTEL OPTANE WIN10+OHS,7349000,2013-05-02,21
Acer Aspire 3 A315-42-R0XU [AMD Ryzen 3 3200U],8000000,2013-05-03,23
LENOVO IDEAPAD 11 3050E 4GB 256SSD W10 GREY 11.6,4848000,2013-05-07,21
"ACER ASPIRE 5 A514-53 (i3-1005G1 4GB 1TB INTEL HD GRAPHICS 14"" W10+OHs",6799000,2013-05-09,33
ACER ASPIRE core I3 gen 6,5950000,2013-05-14,23
"Acer Aspire 5 A514-53-3852 [14""FHD/i3-1005G1/4G/512GB/W10+OHS]",7199000,2013-05-20,19
LENOVO THINKPAD X240s i5 TOUCHSCREEN,3499000,2013-05-22,25
"ACER ASPIRE 3 A314 AMD A4-9120e 4GB 256GB SSD WIN10 14.0"" HD",3549000,2013-05-24,22
lenovo ideapad slim 3i GL05 n4020 4GB 256 win10 OHS,6000000,2013-05-30,14
ASUS VIVOBOOK A412FA INTEL PENTIUM GOLD N5405U RAM8GB SSD512GB FHD WINDOWS 10 ORIGINAL,7649000,2013-06-03,17
Asus vivobook A416ma intel N4020 4gb 256gb 14 win10+ohs 2019 resmi,5799000,2013-06-04,24
"ACER ASPIRE 3 SLIM A314-22 AMD ATHLON 3050U 8GB 512GB 14"" FHD W10 OHS",6950000,2013-06-10,17
ASUS VIVOBOOK A416MA INTEL N4020 RAM4GB SSD256GB 14 FHD IPS WINDOWS 10 ORIGINAL & OHS 2019,5699000,2013-06-13,28
"ASUS A409JA EK352FHD i3-1005G1 4GB 512GB SSD 14"" FHD WIN10",7599000,2013-06-15,20
ACER ASPIRE 5 A514 53 3852 I3 1005G1 4GB 512GB SSD 32GB OPTANE,7324000,2013-06-16,22
ACER ASPIRE 5 A514 53 3852 i3-1005G1 4GB 512 SSD W10 OHS MAGIC PURPLE,7499000,2013-06-17,22
Lenovo Ideapad Slim 3 - Celeron N4020 - Ram 4GB - SSD 256GB - 14 inc,5899000,2013-06-22,28
"ACER ASPIRE 3 A315 42 AMD RYZEN 3 3200U 4GB 128GB SSD 15,6"" WIN10PRO",6215000,2013-06-26,22
Dell Inspiron N5110 Spesifikasi : Cpu : Intel Core i7-2670QM @2.2GHz,3400000,2013-07-02,24
"Lenovo Ideapad Slim 3i 14IIL i3 1005G1 4GB 512SSD MX330 W10+OHS 14""",7999000,2013-07-08,22
Dell inspiron 3443 red,5500000,2013-07-12,29
"Acer Aspire 3 A314-22-R5E2 Ryzen 3-3250 4GB 256GB SSD WIN10 14"" FHD",6687000,2013-07-14,35
"LENOVO IDEAPAD 330/SILVER/AMD A4-9125/AMD R3/4GB/500GB/14""",4849000,2013-08-10,27
Asus Vivobook A416JA BV352TS i3 Gen10Th 4GB 512SSD W10+OHS Resmi,7849000,2013-08-11,38
"ACER ASPIRE 5 A514-53 I3-1005G1/4 GB/512 SSD/INTEL HD/14""FHD/W10 + OHS",7399000,2013-08-23,29
Asus VivoBook A412FA-EK54012T - Grey [Pentium 5405U-4GB-1TB-W10],6599000,2013-08-27,14
HP Pavilion 13-an1033TU Touch Ci3-1005G1 8GB 512 SSD 13.3FHD Touch,7799000,2013-09-03,18
HP Pavilion 13-an1033TU Touch Ci3-1005G1 8GB 512 SSD 13.3FHD Touch - 128GB NON TOUCH,7799000,2013-09-04,17
"ASUS VIVOBOOK A416MA DUALCORE N4020 4GB 1TB HDD INTEL HD 14"" FHD IPS OHS W10",5826000,2013-09-09,23
"ASUS A409JA-BV322T | 14"" FHD I3-1005G1 4G 1TB HDD Win10",7099000,2013-09-13,25
HP Pavilion 13 AN0031WM i3-8145U 8GB 128GB ssd W10 13.3 FHD,7999000,2013-09-18,18
HP Pavilion 13 AN0031 i3/8/128/WIN10,7999000,2013-09-19,23
ACER ASPIRE 3 A315 I3 1005G1 4GB 1TB VGA MX330 2GB DOS,7599000,2013-09-28,30
"Acer Aspire 5 A514-53-3852 [14""FHD/i3-1005G1/4G/512GB/W10+OHS/Purple]",6999000,2013-10-09,20
Lenovo Yoga 300,3500000,2013-10-12,23
Lenovo Ideapad Slim 3i 14IIL i3 1005G1 4GB 512ssd MX330 2GB OHS -PJID,7999000,2013-10-29,28
Lenovo Ideapad Slim 3i 14IIL i3 1005G1 4GB 512ssd OHS FHD -PNID PPID,7499000,2013-10-30,12
"Lenovo ThinkPad Thunderbolt 3 Dock 40AC0135EU - X1, T470, T480, P51s, P52s, Yoga 370, X280 X380",4510000,2013-11-03,34
LENOVO V14-IIL I3-1005G1/ MEMORI 4GB DDR4/ 256GB SSD/ 14 INCI/ INTEL HD/ WIN10+OHS (GREY),6950000,2013-11-06,13
"LENOVO IdeaPad 330-5BID 14""HD/Intel Celeron N4000/4GB/1TB/ Intel UHD G",4599000,2013-11-11,20
Dell inspiron 14-5447,3399000,2013-11-23,18
Acer Aspire 3 A314 Ryzen 3 3200 4GB 1TB Vega3 W10 (PRE) 14.0,6599000,2013-11-27,18
Baterai HP 14-ac181tu pavilion - original battery,2550000,2013-11-29,14
Asus E410MA-BV456FHD N4020 4GB 512GB SSD FHD WIN10 OHS BLACK,5749000,2013-12-02,12
"ASUS VIVOBOOK A412FA - INTEL PENTIUM GOLD 5405U 4GB 512SSD 14""FHD W10",6999000,2013-12-08,19
Asus E410MA-BV457VIPS N4020 4GB 512GB SSD FHD IPS WIN10 OHS WHITE,5899000,2013-12-09,11
Asus E410MA-BV451VIPS N4020 4GB 512GB SSD FHD IPS WIN10 OHS BLUE,5949000,2013-12-11,14
Asus A409JA-BV312TS I3-1005G1 4GB 1TB HD WIN10 OHS GREY,7299000,2013-12-13,16
Acer Aspire 5 A514-53 i3-1005G1/4GB/512GB SSD/Win10+OHS2019 - 4 gb,7399000,2013-12-15,14
Ultrabook Lenovo Thinkpad X230 CORE I5 RAM 8GB,2675000,2013-12-19,15
Asus A416JA-BV311TS I3-1005G1 4GB 1TB HD WIN10 OHS SILVER,7499000,2013-12-22,16
"Dell Inspiron 14 -3452 Intel Dual Core N3350 Terbaru , Resmii",3499000,2013-12-23,14
Asus Vivobook A416JF BV301TS i3 1005G1 4GB 1TB MX130 2GB W10+OHS 14.0,7899000,2013-12-24,15
Asus A416MA-EB421TS N4020 4GB 256GB SSD HD WIN1O OHS SILVER,5699000,2013-12-26,15
Asus A416MA-EB422TS N4020 4GB 256GB SSD FHD IPS WIN10 OHS GREY,5699000,2013-12-28,16
Lenovo Ideapad Slim 3i - i3 1005G1 4GB 512ssd MX330 2GB W10 + OFFICE,7999000,2013-12-30,7
"Acer Spin 1 SP111-33-C425 | 11.6""/N4020/4GB/500GB HDD/Win10/OHS",5299000,2014-01-11,18
Asus Vivobook A409JA EK352TSFHD I3-1005G1 4GB 512GB SSD FHD WIN10 OHS,7790000,2014-01-12,15
Acer Aspire 3 A314 AMD RAM 4GB HDD 500GB 14 INCH,4200000,2014-01-16,19
"ACER A514-53-3852 CI3-1005G1/4GB DDR4/SSD 512GB/14"" FHD/OHS+WIN10 (MAGIC PURPLE)",7800000,2014-01-21,11
Acer Core i3 ram4gb Aspire 1830T slim,5550000,2014-01-22,14
Asus Vivobook A412FA-EK54053TIPS Pentium Gold 5405U RAM 4GB SSD 512GB,7699000,2014-01-31,12
"ASUS VIVOBOOK A416MA DUALCORE N4020 4GB 1TB HDD INTEL HD 14"" OHS W10",5826000,2014-02-01,10
Asus Vivobook Flip TP401MA BZ221TS 2in1 Touch N4020 4GB 256ssd W10+OHS 14.0 PEN,6999000,2014-02-02,13
"ACER ASPIRE 5 A514-53 - i3-1005G1 - 4GB - 512GB SSD - 14""FHD - WIN10 - OFFICE HOME STUDENT",7199000,2014-02-07,26
"ACER ASPIRE 5 A514-53 (i3-1005G1/4GB/1TB/INTEL HD GRAPHICS/14""/W10+PRE",6799000,2014-02-08,21
Acer Aspire 3 Slim A314-22-R8JF,7499000,2014-02-19,14
Lenovo Ideapad 330 - 14AST,6000000,2014-02-21,19
Acer Aspire 3 Slim A314 Ryzen 3 3250 4GB 512ssd W10+OHS 14.0 BLK,7474000,2014-02-22,16
Asus E410MA-BV458VIPS N4020 4GB 512GB SSD FHD IPS WIN10 OHS BLUE,5899000,2014-03-09,28
Lenovo Ideapad 130-14AST 00ID Black (second),3300000,2014-03-10,19
"Lenovo Ideapad 130-14IKB Core i3-6006U Ram4GB/SSD128GB 14"" Second",3750000,2014-03-11,22
"Acer Aspire 3 Slim A314-22 AMD Athlon 3050U 4GB SSD 512GB 14"" W10 OHS",6099000,2014-03-17,15
Acer Aspire 3 Slim AMD Athlon Silver 3050U 1TB HDD 8GB/4GB W10,5299000,2014-03-20,25
"Acer Aspire 3 A314-32-N4120/4GB/256GB SSD/Intel HD/14""/OHS/WIN 10",5858000,2014-04-14,19
Dell inspiron 3180 AMD A9-9420e 4GB 500GB R5 11.6 HD WIN10 Home,3950000,2014-04-15,15
"ASUS VIVOBOOK FLIP TP401MA - N4020 - 4GB - 256GB SSD - 14""TOUCHSCREEN - WIN10 - OFFICE HOME STUDENT",6899000,2014-04-17,20
"Asus Vivobook 14 M409DA Ryzen 5 3500U 8GB 1TB Vega 8 Windows10 14.0"" FHD",7599000,2014-04-22,20
"ASUS VivoBook 14 A416MA - N4020 DDR4 4GB 256GB 14"" INTEL HD W10 OHS",5999000,2014-04-25,27
Acer Aspire E5-476G - i5-8250U - NVidia MX150 - 4GB RAM - 1TB HDD,7200000,2014-04-28,15
"ASUS VivoBook 14 A416MA - N4020 DDR4 4GB HDD 1TB 14"" INTEL HD W10 OHS",5833000,2014-05-03,33
Lenovo Ideapad Slim 3 14 Ryzen 3 3250 8GB 256ssd Vega3 W10+OHS 14.0HD GCID,7849000,2014-05-17,40
"Acer Aspire 3 Slim A314-22-R8JF [Ryzen3-3250U/4GB/256SSD/14""/Win+Offic",6500000,2014-05-23,24
"ACER Z3-451/8 AMD A8-7410/ MEMORI 8GB/ HDD 500GB/ 14""/ DVDRW/ RADEON R5/ DOS (BLACK)",5499000,2014-05-24,31
ASUS Vivobook A412FA INTEL PENTIUM GOLD N5405U RAM8GB HDD1TB W10 ORIGINAL,6499000,2014-05-29,30
Lenovo ideapad 330 intel 15 Window 10,4950000,2014-06-16,23
ACER ASPIRE A314 RYZEN 3- 3250 4GB 512GB SSD 14INCH RADEON WIN10 ORI+OHS,7199000,2014-06-20,26
Acer Aspire 5 A514-53 i3-1005G1 4 Gb 512 SSD,7000000,2014-06-28,28
